Activity,Quantity,CaseID,Timestamp
"ZDIQ3EL7VENS4FNLYT4VJA7I2HVQOJGQUWQJPAWBFH33BZTU2HF7NUO57Q",0,"ZDIQ3EL7VENS4FNLYT4VJA7I2HVQOJGQUWQJPAWBFH33BZTU2HF7NUO57Q","2022-01-19 06:00:13.000"
"QXJWNST3WKI4R7SJRZVWB2F7ZGMFI24PTZEUWHEHGLAE2CY3EZJ42T3AIA",0,"QXJWNST3WKI4R7SJRZVWB2F7ZGMFI24PTZEUWHEHGLAE2CY3EZJ42T3AIA","2022-01-19 06:01:36.000"
"2ALMGSC6OBPY6ZVSKYMHM3CRQ2ID6WKP56VFCL6PF3GGNB46ARPNV5YZR4",0,"2ALMGSC6OBPY6ZVSKYMHM3CRQ2ID6WKP56VFCL6PF3GGNB46ARPNV5YZR4","2022-01-19 06:13:30.000"
"KDQY3WQMBW4YWEMMC5UCPID6TJPCYJOJDM4TWUWJHOJ32NVSTSOT7JJMWY",0,"KDQY3WQMBW4YWEMMC5UCPID6TJPCYJOJDM4TWUWJHOJ32NVSTSOT7JJMWY","2022-01-19 06:34:59.000"
"CHAINKX22I7YNLPJVC3HP6RIFAUSPZG7RPSWIJIOPDCT6BLUAGBLCHPQZM",420,"ALCPLKSPNR6OD62X2Z3MWXYBZZD2MYDF5OYM7LT73DXOXPFWFXO7TYMY3A","2022-01-19 06:57:27.000"
"L27WAG2OSETWK65YWIMNVBZDNIQJ4GSIM6PUPCAJVKWWEYWJUP5HZW3MXM",0,"L27WAG2OSETWK65YWIMNVBZDNIQJ4GSIM6PUPCAJVKWWEYWJUP5HZW3MXM","2022-01-19 07:03:57.000"
"7FK3MUBSI3QLIDFK3KWOIPWBGB6EMABNKFB22MD7MDZOLFKD7J44XNC5RE",12,"4JZ3YUSJRODL6J5AS67PBCDSOMA5JBZ2KHW5TNEAHFUJFZ5AGZSJ2W5ODU","2022-01-19 07:07:31.000"
"7FK3MUBSI3QLIDFK3KWOIPWBGB6EMABNKFB22MD7MDZOLFKD7J44XNC5RE",12,"O3QO4HPTVJV73BUXJU2P5FVFWWQCHWEYFQSFXASYXKSKAKYEU6KHGSAKGM","2022-01-19 07:07:44.000"
"OJGTHEJ2O5NXN7FVXDZZEEJTUEQHHCIYIE5MWY6BEFVVLZ2KANJODBOKGA",0,"ZYGZNWBXTID2VAUKG53WPNVAEBPZWHLNLS4OIOGXETDY42DS33NOCAFFZU","2022-01-19 07:41:20.000"
"OJGTHEJ2O5NXN7FVXDZZEEJTUEQHHCIYIE5MWY6BEFVVLZ2KANJODBOKGA",0,"FRWCEDWFDQGT7BBNCI7P3GW2AN3H2VUA7BC74UVJAEBWDROUIVVTRGWAJI","2022-01-19 07:54:33.000"
"OPEXH4MYY6B2T75OTJPRLPR4JGXKNVVHBDFBLLJ3RW7MTJEUXIIG3YJARA",25,"AHDODMAWYAB2Y3EQKXDDUR4G4Z5GTXXWG4G35RYBQLORZJJWBOVXKQR5AQ","2022-01-19 08:07:42.000"
"OJGTHEJ2O5NXN7FVXDZZEEJTUEQHHCIYIE5MWY6BEFVVLZ2KANJODBOKGA",0,"AHDODMAWYAB2Y3EQKXDDUR4G4Z5GTXXWG4G35RYBQLORZJJWBOVXKQR5AQ","2022-01-19 08:08:14.000"
"SMQORYS45T5EDLWQXH547YO3OXWAT2JNVF6HQDV6SUOA3LCSYSBBMMTGSA",0,"SMQORYS45T5EDLWQXH547YO3OXWAT2JNVF6HQDV6SUOA3LCSYSBBMMTGSA","2022-01-19 08:11:54.000"
"2DGYQZOUKJ2NFSM2BWYTAYH4TO7XCQGO56HIO2UCKJNNQGXBURFDZNYSIU",0,"2DGYQZOUKJ2NFSM2BWYTAYH4TO7XCQGO56HIO2UCKJNNQGXBURFDZNYSIU","2022-01-19 08:16:56.000"
"22OMVLAHPQWYPASUEMECM2GHQW5CJGOY4WH6EKT4TSVAJI46KDFR4HFD7Q",0,"22OMVLAHPQWYPASUEMECM2GHQW5CJGOY4WH6EKT4TSVAJI46KDFR4HFD7Q","2022-01-19 08:21:12.000"
"OFJNZI5XJX6TZLZJO3634V7HDPMGN2HCFJA4CEYBQUS2YMRM5QGNWTFF4Q",0,"OFJNZI5XJX6TZLZJO3634V7HDPMGN2HCFJA4CEYBQUS2YMRM5QGNWTFF4Q","2022-01-19 08:23:06.000"
"C5Z6FQ5KLP7EJVWXRTCDXHSAUPEVPIID4VL5LK4YIRCYEOZ7QBLY7XXRFM",0,"C5Z6FQ5KLP7EJVWXRTCDXHSAUPEVPIID4VL5LK4YIRCYEOZ7QBLY7XXRFM","2022-01-19 08:23:55.000"
"OJGTHEJ2O5NXN7FVXDZZEEJTUEQHHCIYIE5MWY6BEFVVLZ2KANJODBOKGA",0,"A256LQX5KX3CHCHAK3FJKTDI62XNBG74PHNY2KJNTRPDFORGBEEBMQA3NE","2022-01-19 08:36:13.000"
"GDUVISPFSIPPUUYTHZKLJ3BXSKN4XX6MHHKVINNL3G7N7EIAY6USO7L3DQ",32,"FSSZ2NCREZMYOWSIVG5JT3LFWQJEWPHAY63N5RA6UWYYLYDNRRL3LF4STM","2022-01-19 09:09:50.000"
"FOPULDWUGI7A7S4WAZY4S4RRSHLUZYSUINFUIZKZYZ3VIJ7ZZ2DJMEGCWQ",0,"FOPULDWUGI7A7S4WAZY4S4RRSHLUZYSUINFUIZKZYZ3VIJ7ZZ2DJMEGCWQ","2022-01-19 09:25:22.000"
"32MU5F563TL5M7LLLETYWLMI5KG5FJ2VADKC2FBJXSVGVLT5TSKM7J2Q5Q",0,"32MU5F563TL5M7LLLETYWLMI5KG5FJ2VADKC2FBJXSVGVLT5TSKM7J2Q5Q","2022-01-19 09:25:53.000"
"KP3ZULYFK6566EW2HDCKZBJBN52NPYUZLI6GHTJDR5SOLBBABAWQMGMSZI",0,"KP3ZULYFK6566EW2HDCKZBJBN52NPYUZLI6GHTJDR5SOLBBABAWQMGMSZI","2022-01-19 09:45:17.000"
"OJGTHEJ2O5NXN7FVXDZZEEJTUEQHHCIYIE5MWY6BEFVVLZ2KANJODBOKGA",0,"6DYBEBLG23SGGGNPPCZPJL6AZEGVUGB77BIB5TXJCNN56XF4YPB2URSW7M","2022-01-19 10:56:24.000"
"TXY2RRX6I5INCDASONMXOK6CP7TH75F25TEMMFWJTMU4S2H2MO3MS537K4",5,"G4GQZ2GHZJ7UP6NRYBHZKNZILT47VIEBJ22E4NIPKHW67IWKYPG52AKHKI","2022-01-19 11:27:33.000"
"O6CDEA7NCJASQSYSAMLPGLICTTPP3BGVOCPYFGCFT54O4SCXGN3ULAOYPU",5,"TXY2RRX6I5INCDASONMXOK6CP7TH75F25TEMMFWJTMU4S2H2MO3MS537K4","2022-01-19 11:27:33.000"
"E6PO6SHTCYQWPA4XJZCG6D6AINRTFKKKQIHC5WOLDS3YYTX3J2KV4AAZFY",0,"E6PO6SHTCYQWPA4XJZCG6D6AINRTFKKKQIHC5WOLDS3YYTX3J2KV4AAZFY","2022-01-19 11:36:21.000"
"TXY2RRX6I5INCDASONMXOK6CP7TH75F25TEMMFWJTMU4S2H2MO3MS537K4",2,"O6CDEA7NCJASQSYSAMLPGLICTTPP3BGVOCPYFGCFT54O4SCXGN3ULAOYPU","2022-01-19 11:39:42.000"
"LDS5UGWBOTBDNU6GZLFOCI6M35MN4HXDU75YHGKOCEANWOMI7RNE4Q2JQQ",2,"TXY2RRX6I5INCDASONMXOK6CP7TH75F25TEMMFWJTMU4S2H2MO3MS537K4","2022-01-19 11:39:42.000"
"TXY2RRX6I5INCDASONMXOK6CP7TH75F25TEMMFWJTMU4S2H2MO3MS537K4",2,"LDS5UGWBOTBDNU6GZLFOCI6M35MN4HXDU75YHGKOCEANWOMI7RNE4Q2JQQ","2022-01-19 11:40:26.000"
"O6CDEA7NCJASQSYSAMLPGLICTTPP3BGVOCPYFGCFT54O4SCXGN3ULAOYPU",2,"TXY2RRX6I5INCDASONMXOK6CP7TH75F25TEMMFWJTMU4S2H2MO3MS537K4","2022-01-19 11:40:26.000"
"SLKIXJEHI2BYI3564EOO3XB3VAUHYKN2E5W3TMQVUW7Z73YEOSRS5WPBR4",1,"TXY2RRX6I5INCDASONMXOK6CP7TH75F25TEMMFWJTMU4S2H2MO3MS537K4","2022-01-19 11:50:03.000"
"TXY2RRX6I5INCDASONMXOK6CP7TH75F25TEMMFWJTMU4S2H2MO3MS537K4",1,"O6CDEA7NCJASQSYSAMLPGLICTTPP3BGVOCPYFGCFT54O4SCXGN3ULAOYPU","2022-01-19 11:50:03.000"
"C7E53W7AMGG5HY7R3UCFSZQK2YRVHBBLU3YECIWQ264CGKWE3GOPWZZOJ4",0,"C7E53W7AMGG5HY7R3UCFSZQK2YRVHBBLU3YECIWQ264CGKWE3GOPWZZOJ4","2022-01-19 11:51:13.000"
"EJGN54S3OSQXDX5NYOGYZBGLIZZEKQSROO3AXKX2WPJ2CRMAW57YMDXWWE",0,"EJGN54S3OSQXDX5NYOGYZBGLIZZEKQSROO3AXKX2WPJ2CRMAW57YMDXWWE","2022-01-19 11:55:57.000"
"TXY2RRX6I5INCDASONMXOK6CP7TH75F25TEMMFWJTMU4S2H2MO3MS537K4",1,"LDS5UGWBOTBDNU6GZLFOCI6M35MN4HXDU75YHGKOCEANWOMI7RNE4Q2JQQ","2022-01-19 11:56:02.000"
"SLKIXJEHI2BYI3564EOO3XB3VAUHYKN2E5W3TMQVUW7Z73YEOSRS5WPBR4",1,"TXY2RRX6I5INCDASONMXOK6CP7TH75F25TEMMFWJTMU4S2H2MO3MS537K4","2022-01-19 11:56:02.000"
"B2Z54YACHGYYBD67EWQJIKCIBLJZP4WFVWHRKYAWDPQQFVG5LRTCITRWVE",0,"B2Z54YACHGYYBD67EWQJIKCIBLJZP4WFVWHRKYAWDPQQFVG5LRTCITRWVE","2022-01-19 11:56:10.000"
"TXY2RRX6I5INCDASONMXOK6CP7TH75F25TEMMFWJTMU4S2H2MO3MS537K4",7,"O6CDEA7NCJASQSYSAMLPGLICTTPP3BGVOCPYFGCFT54O4SCXGN3ULAOYPU","2022-01-19 11:57:03.000"
"G4GQZ2GHZJ7UP6NRYBHZKNZILT47VIEBJ22E4NIPKHW67IWKYPG52AKHKI",7,"TXY2RRX6I5INCDASONMXOK6CP7TH75F25TEMMFWJTMU4S2H2MO3MS537K4","2022-01-19 11:57:03.000"
"EJGN54S3OSQXDX5NYOGYZBGLIZZEKQSROO3AXKX2WPJ2CRMAW57YMDXWWE",3000,"GBDT5E3TKL4MCD5VFCV5L2GVRRQIK5ZFN74T72YLJJGA6INSGOQ3T4XHU4","2022-01-19 12:01:21.000"
"TXY2RRX6I5INCDASONMXOK6CP7TH75F25TEMMFWJTMU4S2H2MO3MS537K4",1673,"EJGN54S3OSQXDX5NYOGYZBGLIZZEKQSROO3AXKX2WPJ2CRMAW57YMDXWWE","2022-01-19 12:01:21.000"
"O6CDEA7NCJASQSYSAMLPGLICTTPP3BGVOCPYFGCFT54O4SCXGN3ULAOYPU",1673,"TXY2RRX6I5INCDASONMXOK6CP7TH75F25TEMMFWJTMU4S2H2MO3MS537K4","2022-01-19 12:01:21.000"
"TXY2RRX6I5INCDASONMXOK6CP7TH75F25TEMMFWJTMU4S2H2MO3MS537K4",2,"EJGN54S3OSQXDX5NYOGYZBGLIZZEKQSROO3AXKX2WPJ2CRMAW57YMDXWWE","2022-01-19 12:01:21.000"
"H42U26TZOGQWFRQJLIGXO6GCI6ZIDGEUJZM6S5IKGL73XCVF47UQJXILME",2,"TXY2RRX6I5INCDASONMXOK6CP7TH75F25TEMMFWJTMU4S2H2MO3MS537K4","2022-01-19 12:01:21.000"
"TXY2RRX6I5INCDASONMXOK6CP7TH75F25TEMMFWJTMU4S2H2MO3MS537K4",2,"EJGN54S3OSQXDX5NYOGYZBGLIZZEKQSROO3AXKX2WPJ2CRMAW57YMDXWWE","2022-01-19 12:01:21.000"
"TXY2RRX6I5INCDASONMXOK6CP7TH75F25TEMMFWJTMU4S2H2MO3MS537K4",14,"O6CDEA7NCJASQSYSAMLPGLICTTPP3BGVOCPYFGCFT54O4SCXGN3ULAOYPU","2022-01-19 12:01:21.000"
"G4GQZ2GHZJ7UP6NRYBHZKNZILT47VIEBJ22E4NIPKHW67IWKYPG52AKHKI",14,"TXY2RRX6I5INCDASONMXOK6CP7TH75F25TEMMFWJTMU4S2H2MO3MS537K4","2022-01-19 12:01:21.000"
"LDS5UGWBOTBDNU6GZLFOCI6M35MN4HXDU75YHGKOCEANWOMI7RNE4Q2JQQ",2,"TXY2RRX6I5INCDASONMXOK6CP7TH75F25TEMMFWJTMU4S2H2MO3MS537K4","2022-01-19 12:01:21.000"
"TXY2RRX6I5INCDASONMXOK6CP7TH75F25TEMMFWJTMU4S2H2MO3MS537K4",5,"EJGN54S3OSQXDX5NYOGYZBGLIZZEKQSROO3AXKX2WPJ2CRMAW57YMDXWWE","2022-01-19 12:01:30.000"
"TXY2RRX6I5INCDASONMXOK6CP7TH75F25TEMMFWJTMU4S2H2MO3MS537K4",11,"EJGN54S3OSQXDX5NYOGYZBGLIZZEKQSROO3AXKX2WPJ2CRMAW57YMDXWWE","2022-01-19 12:01:30.000"
"G4GQZ2GHZJ7UP6NRYBHZKNZILT47VIEBJ22E4NIPKHW67IWKYPG52AKHKI",11,"TXY2RRX6I5INCDASONMXOK6CP7TH75F25TEMMFWJTMU4S2H2MO3MS537K4","2022-01-19 12:01:30.000"
"B2LU2JD5TXEA5BVXCZREPDSP7ZXCHM4VJ6GHBN6WZXFTQVNRFXW4UJXL24",0,"B2LU2JD5TXEA5BVXCZREPDSP7ZXCHM4VJ6GHBN6WZXFTQVNRFXW4UJXL24","2022-01-19 12:02:31.000"
"TXY2RRX6I5INCDASONMXOK6CP7TH75F25TEMMFWJTMU4S2H2MO3MS537K4",11,"EJGN54S3OSQXDX5NYOGYZBGLIZZEKQSROO3AXKX2WPJ2CRMAW57YMDXWWE","2022-01-19 12:03:02.000"
"G4GQZ2GHZJ7UP6NRYBHZKNZILT47VIEBJ22E4NIPKHW67IWKYPG52AKHKI",11,"TXY2RRX6I5INCDASONMXOK6CP7TH75F25TEMMFWJTMU4S2H2MO3MS537K4","2022-01-19 12:03:02.000"
"C7E53W7AMGG5HY7R3UCFSZQK2YRVHBBLU3YECIWQ264CGKWE3GOPWZZOJ4",102,"EJGN54S3OSQXDX5NYOGYZBGLIZZEKQSROO3AXKX2WPJ2CRMAW57YMDXWWE","2022-01-19 12:03:50.000"
"TXY2RRX6I5INCDASONMXOK6CP7TH75F25TEMMFWJTMU4S2H2MO3MS537K4",88,"O6CDEA7NCJASQSYSAMLPGLICTTPP3BGVOCPYFGCFT54O4SCXGN3ULAOYPU","2022-01-19 12:03:50.000"
"EJGN54S3OSQXDX5NYOGYZBGLIZZEKQSROO3AXKX2WPJ2CRMAW57YMDXWWE",88,"TXY2RRX6I5INCDASONMXOK6CP7TH75F25TEMMFWJTMU4S2H2MO3MS537K4","2022-01-19 12:03:50.000"
"C7E53W7AMGG5HY7R3UCFSZQK2YRVHBBLU3YECIWQ264CGKWE3GOPWZZOJ4",62,"EJGN54S3OSQXDX5NYOGYZBGLIZZEKQSROO3AXKX2WPJ2CRMAW57YMDXWWE","2022-01-19 12:04:16.000"
"TXY2RRX6I5INCDASONMXOK6CP7TH75F25TEMMFWJTMU4S2H2MO3MS537K4",48,"O6CDEA7NCJASQSYSAMLPGLICTTPP3BGVOCPYFGCFT54O4SCXGN3ULAOYPU","2022-01-19 12:04:16.000"
"EJGN54S3OSQXDX5NYOGYZBGLIZZEKQSROO3AXKX2WPJ2CRMAW57YMDXWWE",48,"TXY2RRX6I5INCDASONMXOK6CP7TH75F25TEMMFWJTMU4S2H2MO3MS537K4","2022-01-19 12:04:16.000"
"C7E53W7AMGG5HY7R3UCFSZQK2YRVHBBLU3YECIWQ264CGKWE3GOPWZZOJ4",41,"EJGN54S3OSQXDX5NYOGYZBGLIZZEKQSROO3AXKX2WPJ2CRMAW57YMDXWWE","2022-01-19 12:04:38.000"
"TXY2RRX6I5INCDASONMXOK6CP7TH75F25TEMMFWJTMU4S2H2MO3MS537K4",33,"O6CDEA7NCJASQSYSAMLPGLICTTPP3BGVOCPYFGCFT54O4SCXGN3ULAOYPU","2022-01-19 12:04:42.000"
"EJGN54S3OSQXDX5NYOGYZBGLIZZEKQSROO3AXKX2WPJ2CRMAW57YMDXWWE",33,"TXY2RRX6I5INCDASONMXOK6CP7TH75F25TEMMFWJTMU4S2H2MO3MS537K4","2022-01-19 12:04:42.000"
"C7E53W7AMGG5HY7R3UCFSZQK2YRVHBBLU3YECIWQ264CGKWE3GOPWZZOJ4",40,"EJGN54S3OSQXDX5NYOGYZBGLIZZEKQSROO3AXKX2WPJ2CRMAW57YMDXWWE","2022-01-19 12:04:55.000"
"TXY2RRX6I5INCDASONMXOK6CP7TH75F25TEMMFWJTMU4S2H2MO3MS537K4",32,"O6CDEA7NCJASQSYSAMLPGLICTTPP3BGVOCPYFGCFT54O4SCXGN3ULAOYPU","2022-01-19 12:04:55.000"
"EJGN54S3OSQXDX5NYOGYZBGLIZZEKQSROO3AXKX2WPJ2CRMAW57YMDXWWE",32,"TXY2RRX6I5INCDASONMXOK6CP7TH75F25TEMMFWJTMU4S2H2MO3MS537K4","2022-01-19 12:04:55.000"
"C7E53W7AMGG5HY7R3UCFSZQK2YRVHBBLU3YECIWQ264CGKWE3GOPWZZOJ4",40,"EJGN54S3OSQXDX5NYOGYZBGLIZZEKQSROO3AXKX2WPJ2CRMAW57YMDXWWE","2022-01-19 12:05:08.000"
"TXY2RRX6I5INCDASONMXOK6CP7TH75F25TEMMFWJTMU4S2H2MO3MS537K4",31,"O6CDEA7NCJASQSYSAMLPGLICTTPP3BGVOCPYFGCFT54O4SCXGN3ULAOYPU","2022-01-19 12:05:08.000"
"EJGN54S3OSQXDX5NYOGYZBGLIZZEKQSROO3AXKX2WPJ2CRMAW57YMDXWWE",31,"TXY2RRX6I5INCDASONMXOK6CP7TH75F25TEMMFWJTMU4S2H2MO3MS537K4","2022-01-19 12:05:08.000"
"B56U2WMEKGRFISVAGFSQ7B6HC3MVCHQSKPC2SPGKP7OQHPM4F7PUAFMZMM",162,"EJGN54S3OSQXDX5NYOGYZBGLIZZEKQSROO3AXKX2WPJ2CRMAW57YMDXWWE","2022-01-19 12:05:17.000"
"TXY2RRX6I5INCDASONMXOK6CP7TH75F25TEMMFWJTMU4S2H2MO3MS537K4",139,"O6CDEA7NCJASQSYSAMLPGLICTTPP3BGVOCPYFGCFT54O4SCXGN3ULAOYPU","2022-01-19 12:05:17.000"
"EJGN54S3OSQXDX5NYOGYZBGLIZZEKQSROO3AXKX2WPJ2CRMAW57YMDXWWE",139,"TXY2RRX6I5INCDASONMXOK6CP7TH75F25TEMMFWJTMU4S2H2MO3MS537K4","2022-01-19 12:05:17.000"
"TXY2RRX6I5INCDASONMXOK6CP7TH75F25TEMMFWJTMU4S2H2MO3MS537K4",6,"G4GQZ2GHZJ7UP6NRYBHZKNZILT47VIEBJ22E4NIPKHW67IWKYPG52AKHKI","2022-01-19 12:05:17.000"
"EJGN54S3OSQXDX5NYOGYZBGLIZZEKQSROO3AXKX2WPJ2CRMAW57YMDXWWE",6,"TXY2RRX6I5INCDASONMXOK6CP7TH75F25TEMMFWJTMU4S2H2MO3MS537K4","2022-01-19 12:05:17.000"
"C7E53W7AMGG5HY7R3UCFSZQK2YRVHBBLU3YECIWQ264CGKWE3GOPWZZOJ4",37,"EJGN54S3OSQXDX5NYOGYZBGLIZZEKQSROO3AXKX2WPJ2CRMAW57YMDXWWE","2022-01-19 12:05:39.000"
"TXY2RRX6I5INCDASONMXOK6CP7TH75F25TEMMFWJTMU4S2H2MO3MS537K4",24,"O6CDEA7NCJASQSYSAMLPGLICTTPP3BGVOCPYFGCFT54O4SCXGN3ULAOYPU","2022-01-19 12:05:39.000"
"EJGN54S3OSQXDX5NYOGYZBGLIZZEKQSROO3AXKX2WPJ2CRMAW57YMDXWWE",24,"TXY2RRX6I5INCDASONMXOK6CP7TH75F25TEMMFWJTMU4S2H2MO3MS537K4","2022-01-19 12:05:39.000"
"B56U2WMEKGRFISVAGFSQ7B6HC3MVCHQSKPC2SPGKP7OQHPM4F7PUAFMZMM",163,"EJGN54S3OSQXDX5NYOGYZBGLIZZEKQSROO3AXKX2WPJ2CRMAW57YMDXWWE","2022-01-19 12:06:09.000"
"TXY2RRX6I5INCDASONMXOK6CP7TH75F25TEMMFWJTMU4S2H2MO3MS537K4",130,"O6CDEA7NCJASQSYSAMLPGLICTTPP3BGVOCPYFGCFT54O4SCXGN3ULAOYPU","2022-01-19 12:06:09.000"
"EJGN54S3OSQXDX5NYOGYZBGLIZZEKQSROO3AXKX2WPJ2CRMAW57YMDXWWE",130,"TXY2RRX6I5INCDASONMXOK6CP7TH75F25TEMMFWJTMU4S2H2MO3MS537K4","2022-01-19 12:06:09.000"
"C7E53W7AMGG5HY7R3UCFSZQK2YRVHBBLU3YECIWQ264CGKWE3GOPWZZOJ4",34,"EJGN54S3OSQXDX5NYOGYZBGLIZZEKQSROO3AXKX2WPJ2CRMAW57YMDXWWE","2022-01-19 12:06:31.000"
"TXY2RRX6I5INCDASONMXOK6CP7TH75F25TEMMFWJTMU4S2H2MO3MS537K4",27,"O6CDEA7NCJASQSYSAMLPGLICTTPP3BGVOCPYFGCFT54O4SCXGN3ULAOYPU","2022-01-19 12:06:31.000"
"EJGN54S3OSQXDX5NYOGYZBGLIZZEKQSROO3AXKX2WPJ2CRMAW57YMDXWWE",27,"TXY2RRX6I5INCDASONMXOK6CP7TH75F25TEMMFWJTMU4S2H2MO3MS537K4","2022-01-19 12:06:31.000"
"C7E53W7AMGG5HY7R3UCFSZQK2YRVHBBLU3YECIWQ264CGKWE3GOPWZZOJ4",50,"EJGN54S3OSQXDX5NYOGYZBGLIZZEKQSROO3AXKX2WPJ2CRMAW57YMDXWWE","2022-01-19 12:06:53.000"
"TXY2RRX6I5INCDASONMXOK6CP7TH75F25TEMMFWJTMU4S2H2MO3MS537K4",39,"O6CDEA7NCJASQSYSAMLPGLICTTPP3BGVOCPYFGCFT54O4SCXGN3ULAOYPU","2022-01-19 12:06:53.000"
"EJGN54S3OSQXDX5NYOGYZBGLIZZEKQSROO3AXKX2WPJ2CRMAW57YMDXWWE",39,"TXY2RRX6I5INCDASONMXOK6CP7TH75F25TEMMFWJTMU4S2H2MO3MS537K4","2022-01-19 12:06:53.000"
"C7E53W7AMGG5HY7R3UCFSZQK2YRVHBBLU3YECIWQ264CGKWE3GOPWZZOJ4",49,"EJGN54S3OSQXDX5NYOGYZBGLIZZEKQSROO3AXKX2WPJ2CRMAW57YMDXWWE","2022-01-19 12:07:06.000"
"TXY2RRX6I5INCDASONMXOK6CP7TH75F25TEMMFWJTMU4S2H2MO3MS537K4",39,"O6CDEA7NCJASQSYSAMLPGLICTTPP3BGVOCPYFGCFT54O4SCXGN3ULAOYPU","2022-01-19 12:07:06.000"
"EJGN54S3OSQXDX5NYOGYZBGLIZZEKQSROO3AXKX2WPJ2CRMAW57YMDXWWE",39,"TXY2RRX6I5INCDASONMXOK6CP7TH75F25TEMMFWJTMU4S2H2MO3MS537K4","2022-01-19 12:07:06.000"
"C7E53W7AMGG5HY7R3UCFSZQK2YRVHBBLU3YECIWQ264CGKWE3GOPWZZOJ4",48,"EJGN54S3OSQXDX5NYOGYZBGLIZZEKQSROO3AXKX2WPJ2CRMAW57YMDXWWE","2022-01-19 12:07:24.000"
"TXY2RRX6I5INCDASONMXOK6CP7TH75F25TEMMFWJTMU4S2H2MO3MS537K4",38,"O6CDEA7NCJASQSYSAMLPGLICTTPP3BGVOCPYFGCFT54O4SCXGN3ULAOYPU","2022-01-19 12:07:24.000"
"EJGN54S3OSQXDX5NYOGYZBGLIZZEKQSROO3AXKX2WPJ2CRMAW57YMDXWWE",38,"TXY2RRX6I5INCDASONMXOK6CP7TH75F25TEMMFWJTMU4S2H2MO3MS537K4","2022-01-19 12:07:24.000"
"TXY2RRX6I5INCDASONMXOK6CP7TH75F25TEMMFWJTMU4S2H2MO3MS537K4",8,"G4GQZ2GHZJ7UP6NRYBHZKNZILT47VIEBJ22E4NIPKHW67IWKYPG52AKHKI","2022-01-19 12:07:37.000"
"EJGN54S3OSQXDX5NYOGYZBGLIZZEKQSROO3AXKX2WPJ2CRMAW57YMDXWWE",8,"TXY2RRX6I5INCDASONMXOK6CP7TH75F25TEMMFWJTMU4S2H2MO3MS537K4","2022-01-19 12:07:37.000"
"EJGN54S3OSQXDX5NYOGYZBGLIZZEKQSROO3AXKX2WPJ2CRMAW57YMDXWWE",2000,"B56U2WMEKGRFISVAGFSQ7B6HC3MVCHQSKPC2SPGKP7OQHPM4F7PUAFMZMM","2022-01-19 12:07:41.000"
"C7E53W7AMGG5HY7R3UCFSZQK2YRVHBBLU3YECIWQ264CGKWE3GOPWZZOJ4",48,"EJGN54S3OSQXDX5NYOGYZBGLIZZEKQSROO3AXKX2WPJ2CRMAW57YMDXWWE","2022-01-19 12:07:45.000"
"C7E53W7AMGG5HY7R3UCFSZQK2YRVHBBLU3YECIWQ264CGKWE3GOPWZZOJ4",48,"EJGN54S3OSQXDX5NYOGYZBGLIZZEKQSROO3AXKX2WPJ2CRMAW57YMDXWWE","2022-01-19 12:08:03.000"
"TXY2RRX6I5INCDASONMXOK6CP7TH75F25TEMMFWJTMU4S2H2MO3MS537K4",42,"O6CDEA7NCJASQSYSAMLPGLICTTPP3BGVOCPYFGCFT54O4SCXGN3ULAOYPU","2022-01-19 12:08:03.000"
"EJGN54S3OSQXDX5NYOGYZBGLIZZEKQSROO3AXKX2WPJ2CRMAW57YMDXWWE",42,"TXY2RRX6I5INCDASONMXOK6CP7TH75F25TEMMFWJTMU4S2H2MO3MS537K4","2022-01-19 12:08:03.000"
"C7E53W7AMGG5HY7R3UCFSZQK2YRVHBBLU3YECIWQ264CGKWE3GOPWZZOJ4",95,"EJGN54S3OSQXDX5NYOGYZBGLIZZEKQSROO3AXKX2WPJ2CRMAW57YMDXWWE","2022-01-19 12:08:25.000"
"TXY2RRX6I5INCDASONMXOK6CP7TH75F25TEMMFWJTMU4S2H2MO3MS537K4",55,"O6CDEA7NCJASQSYSAMLPGLICTTPP3BGVOCPYFGCFT54O4SCXGN3ULAOYPU","2022-01-19 12:08:29.000"
"EJGN54S3OSQXDX5NYOGYZBGLIZZEKQSROO3AXKX2WPJ2CRMAW57YMDXWWE",55,"TXY2RRX6I5INCDASONMXOK6CP7TH75F25TEMMFWJTMU4S2H2MO3MS537K4","2022-01-19 12:08:29.000"
"C7E53W7AMGG5HY7R3UCFSZQK2YRVHBBLU3YECIWQ264CGKWE3GOPWZZOJ4",137,"EJGN54S3OSQXDX5NYOGYZBGLIZZEKQSROO3AXKX2WPJ2CRMAW57YMDXWWE","2022-01-19 12:08:51.000"
"TXY2RRX6I5INCDASONMXOK6CP7TH75F25TEMMFWJTMU4S2H2MO3MS537K4",78,"O6CDEA7NCJASQSYSAMLPGLICTTPP3BGVOCPYFGCFT54O4SCXGN3ULAOYPU","2022-01-19 12:08:51.000"
"EJGN54S3OSQXDX5NYOGYZBGLIZZEKQSROO3AXKX2WPJ2CRMAW57YMDXWWE",78,"TXY2RRX6I5INCDASONMXOK6CP7TH75F25TEMMFWJTMU4S2H2MO3MS537K4","2022-01-19 12:08:51.000"
"C7E53W7AMGG5HY7R3UCFSZQK2YRVHBBLU3YECIWQ264CGKWE3GOPWZZOJ4",146,"EJGN54S3OSQXDX5NYOGYZBGLIZZEKQSROO3AXKX2WPJ2CRMAW57YMDXWWE","2022-01-19 12:09:26.000"
"TXY2RRX6I5INCDASONMXOK6CP7TH75F25TEMMFWJTMU4S2H2MO3MS537K4",84,"O6CDEA7NCJASQSYSAMLPGLICTTPP3BGVOCPYFGCFT54O4SCXGN3ULAOYPU","2022-01-19 12:09:26.000"
"EJGN54S3OSQXDX5NYOGYZBGLIZZEKQSROO3AXKX2WPJ2CRMAW57YMDXWWE",84,"TXY2RRX6I5INCDASONMXOK6CP7TH75F25TEMMFWJTMU4S2H2MO3MS537K4","2022-01-19 12:09:26.000"
"C7E53W7AMGG5HY7R3UCFSZQK2YRVHBBLU3YECIWQ264CGKWE3GOPWZZOJ4",140,"EJGN54S3OSQXDX5NYOGYZBGLIZZEKQSROO3AXKX2WPJ2CRMAW57YMDXWWE","2022-01-19 12:09:39.000"
"TXY2RRX6I5INCDASONMXOK6CP7TH75F25TEMMFWJTMU4S2H2MO3MS537K4",80,"O6CDEA7NCJASQSYSAMLPGLICTTPP3BGVOCPYFGCFT54O4SCXGN3ULAOYPU","2022-01-19 12:09:48.000"
"EJGN54S3OSQXDX5NYOGYZBGLIZZEKQSROO3AXKX2WPJ2CRMAW57YMDXWWE",80,"TXY2RRX6I5INCDASONMXOK6CP7TH75F25TEMMFWJTMU4S2H2MO3MS537K4","2022-01-19 12:09:48.000"
"TXY2RRX6I5INCDASONMXOK6CP7TH75F25TEMMFWJTMU4S2H2MO3MS537K4",7,"G4GQZ2GHZJ7UP6NRYBHZKNZILT47VIEBJ22E4NIPKHW67IWKYPG52AKHKI","2022-01-19 12:10:18.000"
"O6CDEA7NCJASQSYSAMLPGLICTTPP3BGVOCPYFGCFT54O4SCXGN3ULAOYPU",7,"TXY2RRX6I5INCDASONMXOK6CP7TH75F25TEMMFWJTMU4S2H2MO3MS537K4","2022-01-19 12:10:18.000"
"C7E53W7AMGG5HY7R3UCFSZQK2YRVHBBLU3YECIWQ264CGKWE3GOPWZZOJ4",134,"EJGN54S3OSQXDX5NYOGYZBGLIZZEKQSROO3AXKX2WPJ2CRMAW57YMDXWWE","2022-01-19 12:10:49.000"
"TXY2RRX6I5INCDASONMXOK6CP7TH75F25TEMMFWJTMU4S2H2MO3MS537K4",80,"O6CDEA7NCJASQSYSAMLPGLICTTPP3BGVOCPYFGCFT54O4SCXGN3ULAOYPU","2022-01-19 12:10:49.000"
"EJGN54S3OSQXDX5NYOGYZBGLIZZEKQSROO3AXKX2WPJ2CRMAW57YMDXWWE",80,"TXY2RRX6I5INCDASONMXOK6CP7TH75F25TEMMFWJTMU4S2H2MO3MS537K4","2022-01-19 12:10:49.000"
"C7E53W7AMGG5HY7R3UCFSZQK2YRVHBBLU3YECIWQ264CGKWE3GOPWZZOJ4",129,"EJGN54S3OSQXDX5NYOGYZBGLIZZEKQSROO3AXKX2WPJ2CRMAW57YMDXWWE","2022-01-19 12:11:28.000"
"TXY2RRX6I5INCDASONMXOK6CP7TH75F25TEMMFWJTMU4S2H2MO3MS537K4",73,"O6CDEA7NCJASQSYSAMLPGLICTTPP3BGVOCPYFGCFT54O4SCXGN3ULAOYPU","2022-01-19 12:11:28.000"
"EJGN54S3OSQXDX5NYOGYZBGLIZZEKQSROO3AXKX2WPJ2CRMAW57YMDXWWE",73,"TXY2RRX6I5INCDASONMXOK6CP7TH75F25TEMMFWJTMU4S2H2MO3MS537K4","2022-01-19 12:11:28.000"
"ZUCG2ACQTGPW6P4EXATH7RKPPR6R57LUTR56MXU5XSBC53LVQ5VER6TYBU",12,"EJGN54S3OSQXDX5NYOGYZBGLIZZEKQSROO3AXKX2WPJ2CRMAW57YMDXWWE","2022-01-19 12:11:59.000"
"ZUCG2ACQTGPW6P4EXATH7RKPPR6R57LUTR56MXU5XSBC53LVQ5VER6TYBU",12,"EJGN54S3OSQXDX5NYOGYZBGLIZZEKQSROO3AXKX2WPJ2CRMAW57YMDXWWE","2022-01-19 12:12:25.000"
"OJGTHEJ2O5NXN7FVXDZZEEJTUEQHHCIYIE5MWY6BEFVVLZ2KANJODBOKGA",0,"KB2WVSKCPQVXSJP4SEHBNPKN3522TS6G4D3IG7JWCETM33Y7JW2KLPUWIQ","2022-01-19 12:12:29.000"
"EJGN54S3OSQXDX5NYOGYZBGLIZZEKQSROO3AXKX2WPJ2CRMAW57YMDXWWE",25,"5VZTKYZIHXWDSSLGEWSLSIXQDCU36GBXUWTQOIWAVKDMNYN54JO7QEJOIQ","2022-01-19 12:13:09.000"
"ILVEZYZALXYGTSB6OPZJK5NTFQAEKFDZMCXHOOXWEYHIJGHUQTAUJ6TNMM",0,"ILVEZYZALXYGTSB6OPZJK5NTFQAEKFDZMCXHOOXWEYHIJGHUQTAUJ6TNMM","2022-01-19 12:14:49.000"
"GDUVISPFSIPPUUYTHZKLJ3BXSKN4XX6MHHKVINNL3G7N7EIAY6USO7L3DQ",300,"FSSZ2NCREZMYOWSIVG5JT3LFWQJEWPHAY63N5RA6UWYYLYDNRRL3LF4STM","2022-01-19 12:16:16.000"
"EJGN54S3OSQXDX5NYOGYZBGLIZZEKQSROO3AXKX2WPJ2CRMAW57YMDXWWE",150,"XWVFP4G6UMSH4WJIAIPRTIVYCTJYQKVNUG65WIIUERYBVCU62XDRIABTCM","2022-01-19 12:16:25.000"
"GDUVISPFSIPPUUYTHZKLJ3BXSKN4XX6MHHKVINNL3G7N7EIAY6USO7L3DQ",3311,"FSSZ2NCREZMYOWSIVG5JT3LFWQJEWPHAY63N5RA6UWYYLYDNRRL3LF4STM","2022-01-19 12:17:57.000"
"MYMQIQXE2N5Z532IJCW7OII7LAUK2IMZ72MRJKFKZCOFUUGI5JVMLPMHQE",63,"EJGN54S3OSQXDX5NYOGYZBGLIZZEKQSROO3AXKX2WPJ2CRMAW57YMDXWWE","2022-01-19 12:18:58.000"
"TXY2RRX6I5INCDASONMXOK6CP7TH75F25TEMMFWJTMU4S2H2MO3MS537K4",36,"O6CDEA7NCJASQSYSAMLPGLICTTPP3BGVOCPYFGCFT54O4SCXGN3ULAOYPU","2022-01-19 12:18:58.000"
"EJGN54S3OSQXDX5NYOGYZBGLIZZEKQSROO3AXKX2WPJ2CRMAW57YMDXWWE",36,"TXY2RRX6I5INCDASONMXOK6CP7TH75F25TEMMFWJTMU4S2H2MO3MS537K4","2022-01-19 12:18:58.000"
"MYMQIQXE2N5Z532IJCW7OII7LAUK2IMZ72MRJKFKZCOFUUGI5JVMLPMHQE",12,"EJGN54S3OSQXDX5NYOGYZBGLIZZEKQSROO3AXKX2WPJ2CRMAW57YMDXWWE","2022-01-19 12:19:33.000"
"EOTX7I5HTK6BIVR2L4XCZS2SAHW4LND7FPTSQFQ5E2ZSM6YRWRUGYQK6UE",1380,"C7E53W7AMGG5HY7R3UCFSZQK2YRVHBBLU3YECIWQ264CGKWE3GOPWZZOJ4","2022-01-19 12:19:42.000"
"EJGN54S3OSQXDX5NYOGYZBGLIZZEKQSROO3AXKX2WPJ2CRMAW57YMDXWWE",890,"3ABIVSSC2DJXR7INVOOI2Y7NXJJJKRZVXVLVB2JKCGNYDI4VHMGZVULOKM","2022-01-19 12:20:04.000"
"EJGN54S3OSQXDX5NYOGYZBGLIZZEKQSROO3AXKX2WPJ2CRMAW57YMDXWWE",114,"3ABIVSSC2DJXR7INVOOI2Y7NXJJJKRZVXVLVB2JKCGNYDI4VHMGZVULOKM","2022-01-19 12:21:09.000"
"EJGN54S3OSQXDX5NYOGYZBGLIZZEKQSROO3AXKX2WPJ2CRMAW57YMDXWWE",3650,"GDUVISPFSIPPUUYTHZKLJ3BXSKN4XX6MHHKVINNL3G7N7EIAY6USO7L3DQ","2022-01-19 12:21:18.000"
"SLKIXJEHI2BYI3564EOO3XB3VAUHYKN2E5W3TMQVUW7Z73YEOSRS5WPBR4",1,"TXY2RRX6I5INCDASONMXOK6CP7TH75F25TEMMFWJTMU4S2H2MO3MS537K4","2022-01-19 12:22:11.000"
"TXY2RRX6I5INCDASONMXOK6CP7TH75F25TEMMFWJTMU4S2H2MO3MS537K4",1,"H42U26TZOGQWFRQJLIGXO6GCI6ZIDGEUJZM6S5IKGL73XCVF47UQJXILME","2022-01-19 12:22:11.000"
"EJGN54S3OSQXDX5NYOGYZBGLIZZEKQSROO3AXKX2WPJ2CRMAW57YMDXWWE",1500,"GBDT5E3TKL4MCD5VFCV5L2GVRRQIK5ZFN74T72YLJJGA6INSGOQ3T4XHU4","2022-01-19 12:22:28.000"
"TXY2RRX6I5INCDASONMXOK6CP7TH75F25TEMMFWJTMU4S2H2MO3MS537K4",442,"EJGN54S3OSQXDX5NYOGYZBGLIZZEKQSROO3AXKX2WPJ2CRMAW57YMDXWWE","2022-01-19 12:22:28.000"
"O6CDEA7NCJASQSYSAMLPGLICTTPP3BGVOCPYFGCFT54O4SCXGN3ULAOYPU",442,"TXY2RRX6I5INCDASONMXOK6CP7TH75F25TEMMFWJTMU4S2H2MO3MS537K4","2022-01-19 12:22:28.000"
"TXY2RRX6I5INCDASONMXOK6CP7TH75F25TEMMFWJTMU4S2H2MO3MS537K4",6,"EJGN54S3OSQXDX5NYOGYZBGLIZZEKQSROO3AXKX2WPJ2CRMAW57YMDXWWE","2022-01-19 12:22:28.000"
"G4GQZ2GHZJ7UP6NRYBHZKNZILT47VIEBJ22E4NIPKHW67IWKYPG52AKHKI",6,"TXY2RRX6I5INCDASONMXOK6CP7TH75F25TEMMFWJTMU4S2H2MO3MS537K4","2022-01-19 12:22:28.000"
"TXY2RRX6I5INCDASONMXOK6CP7TH75F25TEMMFWJTMU4S2H2MO3MS537K4",1,"EJGN54S3OSQXDX5NYOGYZBGLIZZEKQSROO3AXKX2WPJ2CRMAW57YMDXWWE","2022-01-19 12:22:37.000"
"EJGN54S3OSQXDX5NYOGYZBGLIZZEKQSROO3AXKX2WPJ2CRMAW57YMDXWWE",824,"GBDT5E3TKL4MCD5VFCV5L2GVRRQIK5ZFN74T72YLJJGA6INSGOQ3T4XHU4","2022-01-19 12:22:55.000"
"TXY2RRX6I5INCDASONMXOK6CP7TH75F25TEMMFWJTMU4S2H2MO3MS537K4",263,"EJGN54S3OSQXDX5NYOGYZBGLIZZEKQSROO3AXKX2WPJ2CRMAW57YMDXWWE","2022-01-19 12:22:55.000"
"O6CDEA7NCJASQSYSAMLPGLICTTPP3BGVOCPYFGCFT54O4SCXGN3ULAOYPU",263,"TXY2RRX6I5INCDASONMXOK6CP7TH75F25TEMMFWJTMU4S2H2MO3MS537K4","2022-01-19 12:22:55.000"
"TXY2RRX6I5INCDASONMXOK6CP7TH75F25TEMMFWJTMU4S2H2MO3MS537K4",7,"EJGN54S3OSQXDX5NYOGYZBGLIZZEKQSROO3AXKX2WPJ2CRMAW57YMDXWWE","2022-01-19 12:22:55.000"
"G4GQZ2GHZJ7UP6NRYBHZKNZILT47VIEBJ22E4NIPKHW67IWKYPG52AKHKI",7,"TXY2RRX6I5INCDASONMXOK6CP7TH75F25TEMMFWJTMU4S2H2MO3MS537K4","2022-01-19 12:22:55.000"
"CWLD6Y243SIFIFDSYWG33N6LRMU657HHHS3VMM4UET3YHUWP4TXDM3Y74E",0,"CWLD6Y243SIFIFDSYWG33N6LRMU657HHHS3VMM4UET3YHUWP4TXDM3Y74E","2022-01-19 12:23:21.000"
"BGMUUHR2ZGKHYFTOTXMIIH4K6XHYWHFFUXHNGMRKJYUDS44VTMFUE3PJCQ",0,"BGMUUHR2ZGKHYFTOTXMIIH4K6XHYWHFFUXHNGMRKJYUDS44VTMFUE3PJCQ","2022-01-19 12:23:30.000"
"BGMUUHR2ZGKHYFTOTXMIIH4K6XHYWHFFUXHNGMRKJYUDS44VTMFUE3PJCQ",181,"EJGN54S3OSQXDX5NYOGYZBGLIZZEKQSROO3AXKX2WPJ2CRMAW57YMDXWWE","2022-01-19 12:23:47.000"
"GCKFOGZST6CIYRTY3WAQFFXCRGSBNGQUQLC4PVVX4C3RSAGD3XVZGZS4EQ",174,"EJGN54S3OSQXDX5NYOGYZBGLIZZEKQSROO3AXKX2WPJ2CRMAW57YMDXWWE","2022-01-19 12:24:48.000"
"TXY2RRX6I5INCDASONMXOK6CP7TH75F25TEMMFWJTMU4S2H2MO3MS537K4",83,"O6CDEA7NCJASQSYSAMLPGLICTTPP3BGVOCPYFGCFT54O4SCXGN3ULAOYPU","2022-01-19 12:24:48.000"
"EJGN54S3OSQXDX5NYOGYZBGLIZZEKQSROO3AXKX2WPJ2CRMAW57YMDXWWE",83,"TXY2RRX6I5INCDASONMXOK6CP7TH75F25TEMMFWJTMU4S2H2MO3MS537K4","2022-01-19 12:24:48.000"
"7BATQTBE4XAQRLN753DY577ML6O5W4QTQAQRG6RZ3SNBK2KX56WVTIDY2Y",51,"EJGN54S3OSQXDX5NYOGYZBGLIZZEKQSROO3AXKX2WPJ2CRMAW57YMDXWWE","2022-01-19 12:24:57.000"
"C7E53W7AMGG5HY7R3UCFSZQK2YRVHBBLU3YECIWQ264CGKWE3GOPWZZOJ4",170,"EJGN54S3OSQXDX5NYOGYZBGLIZZEKQSROO3AXKX2WPJ2CRMAW57YMDXWWE","2022-01-19 12:25:23.000"
"2GQYNNUC2FWADMFZLQTF3BCX5IOJXBBAZR737GW6QLSV7VSTLQGP3WTUJE",0,"2GQYNNUC2FWADMFZLQTF3BCX5IOJXBBAZR737GW6QLSV7VSTLQGP3WTUJE","2022-01-19 12:25:32.000"
"SJVY6N4WO4W2NRRSBHCPXI75QNRVCU45KJ6CROKMOHSV35MCZ2U7DNIEBI",0,"SJVY6N4WO4W2NRRSBHCPXI75QNRVCU45KJ6CROKMOHSV35MCZ2U7DNIEBI","2022-01-19 12:25:58.000"
"C7E53W7AMGG5HY7R3UCFSZQK2YRVHBBLU3YECIWQ264CGKWE3GOPWZZOJ4",33,"EJGN54S3OSQXDX5NYOGYZBGLIZZEKQSROO3AXKX2WPJ2CRMAW57YMDXWWE","2022-01-19 12:26:03.000"
"EOTX7I5HTK6BIVR2L4XCZS2SAHW4LND7FPTSQFQ5E2ZSM6YRWRUGYQK6UE",203,"C7E53W7AMGG5HY7R3UCFSZQK2YRVHBBLU3YECIWQ264CGKWE3GOPWZZOJ4","2022-01-19 12:26:51.000"
"BGMUUHR2ZGKHYFTOTXMIIH4K6XHYWHFFUXHNGMRKJYUDS44VTMFUE3PJCQ",1,"EJGN54S3OSQXDX5NYOGYZBGLIZZEKQSROO3AXKX2WPJ2CRMAW57YMDXWWE","2022-01-19 12:27:17.000"
"7BATQTBE4XAQRLN753DY577ML6O5W4QTQAQRG6RZ3SNBK2KX56WVTIDY2Y",1,"EJGN54S3OSQXDX5NYOGYZBGLIZZEKQSROO3AXKX2WPJ2CRMAW57YMDXWWE","2022-01-19 12:27:25.000"
"UL3CUGWYAPXQWYHWFM4NWPFVN36UB27NGLXJZKT34IGJBCA33GZP2ANMFI",162,"EJGN54S3OSQXDX5NYOGYZBGLIZZEKQSROO3AXKX2WPJ2CRMAW57YMDXWWE","2022-01-19 12:28:00.000"
"BCBVYB65BFBGB6QDMT3XQCEUPELWM2FA6XLNQLZMDPWNUH2OLFHUC64N5Y",0,"BCBVYB65BFBGB6QDMT3XQCEUPELWM2FA6XLNQLZMDPWNUH2OLFHUC64N5Y","2022-01-19 12:28:44.000"
"TXY2RRX6I5INCDASONMXOK6CP7TH75F25TEMMFWJTMU4S2H2MO3MS537K4",136,"O6CDEA7NCJASQSYSAMLPGLICTTPP3BGVOCPYFGCFT54O4SCXGN3ULAOYPU","2022-01-19 12:29:54.000"
"EJGN54S3OSQXDX5NYOGYZBGLIZZEKQSROO3AXKX2WPJ2CRMAW57YMDXWWE",136,"TXY2RRX6I5INCDASONMXOK6CP7TH75F25TEMMFWJTMU4S2H2MO3MS537K4","2022-01-19 12:29:54.000"
"TXY2RRX6I5INCDASONMXOK6CP7TH75F25TEMMFWJTMU4S2H2MO3MS537K4",8,"G4GQZ2GHZJ7UP6NRYBHZKNZILT47VIEBJ22E4NIPKHW67IWKYPG52AKHKI","2022-01-19 12:31:34.000"
"EJGN54S3OSQXDX5NYOGYZBGLIZZEKQSROO3AXKX2WPJ2CRMAW57YMDXWWE",8,"TXY2RRX6I5INCDASONMXOK6CP7TH75F25TEMMFWJTMU4S2H2MO3MS537K4","2022-01-19 12:31:34.000"
"EJGN54S3OSQXDX5NYOGYZBGLIZZEKQSROO3AXKX2WPJ2CRMAW57YMDXWWE",1000,"GDUVISPFSIPPUUYTHZKLJ3BXSKN4XX6MHHKVINNL3G7N7EIAY6USO7L3DQ","2022-01-19 12:32:00.000"
"TXY2RRX6I5INCDASONMXOK6CP7TH75F25TEMMFWJTMU4S2H2MO3MS537K4",36,"G4GQZ2GHZJ7UP6NRYBHZKNZILT47VIEBJ22E4NIPKHW67IWKYPG52AKHKI","2022-01-19 12:34:20.000"
"EJGN54S3OSQXDX5NYOGYZBGLIZZEKQSROO3AXKX2WPJ2CRMAW57YMDXWWE",36,"TXY2RRX6I5INCDASONMXOK6CP7TH75F25TEMMFWJTMU4S2H2MO3MS537K4","2022-01-19 12:34:20.000"
"TXY2RRX6I5INCDASONMXOK6CP7TH75F25TEMMFWJTMU4S2H2MO3MS537K4",5,"EJGN54S3OSQXDX5NYOGYZBGLIZZEKQSROO3AXKX2WPJ2CRMAW57YMDXWWE","2022-01-19 12:35:13.000"
"G4GQZ2GHZJ7UP6NRYBHZKNZILT47VIEBJ22E4NIPKHW67IWKYPG52AKHKI",5,"TXY2RRX6I5INCDASONMXOK6CP7TH75F25TEMMFWJTMU4S2H2MO3MS537K4","2022-01-19 12:35:13.000"
"TXY2RRX6I5INCDASONMXOK6CP7TH75F25TEMMFWJTMU4S2H2MO3MS537K4",10,"EJGN54S3OSQXDX5NYOGYZBGLIZZEKQSROO3AXKX2WPJ2CRMAW57YMDXWWE","2022-01-19 12:35:17.000"
"G4GQZ2GHZJ7UP6NRYBHZKNZILT47VIEBJ22E4NIPKHW67IWKYPG52AKHKI",10,"TXY2RRX6I5INCDASONMXOK6CP7TH75F25TEMMFWJTMU4S2H2MO3MS537K4","2022-01-19 12:35:17.000"
"TXY2RRX6I5INCDASONMXOK6CP7TH75F25TEMMFWJTMU4S2H2MO3MS537K4",10,"G4GQZ2GHZJ7UP6NRYBHZKNZILT47VIEBJ22E4NIPKHW67IWKYPG52AKHKI","2022-01-19 12:35:39.000"
"EJGN54S3OSQXDX5NYOGYZBGLIZZEKQSROO3AXKX2WPJ2CRMAW57YMDXWWE",10,"TXY2RRX6I5INCDASONMXOK6CP7TH75F25TEMMFWJTMU4S2H2MO3MS537K4","2022-01-19 12:35:39.000"
"TXY2RRX6I5INCDASONMXOK6CP7TH75F25TEMMFWJTMU4S2H2MO3MS537K4",9,"O6CDEA7NCJASQSYSAMLPGLICTTPP3BGVOCPYFGCFT54O4SCXGN3ULAOYPU","2022-01-19 12:36:27.000"
"G4GQZ2GHZJ7UP6NRYBHZKNZILT47VIEBJ22E4NIPKHW67IWKYPG52AKHKI",9,"TXY2RRX6I5INCDASONMXOK6CP7TH75F25TEMMFWJTMU4S2H2MO3MS537K4","2022-01-19 12:36:27.000"
"EJGN54S3OSQXDX5NYOGYZBGLIZZEKQSROO3AXKX2WPJ2CRMAW57YMDXWWE",137,"GQFEZ6TPQDGIXR7LM27D26R3DTLKLSOJSKT64C2ECJNJCDK2K2KQBOGPG4","2022-01-19 12:36:31.000"
"3ABIVSSC2DJXR7INVOOI2Y7NXJJJKRZVXVLVB2JKCGNYDI4VHMGZVULOKM",1153,"EJGN54S3OSQXDX5NYOGYZBGLIZZEKQSROO3AXKX2WPJ2CRMAW57YMDXWWE","2022-01-19 12:37:37.000"
"TXY2RRX6I5INCDASONMXOK6CP7TH75F25TEMMFWJTMU4S2H2MO3MS537K4",7,"EJGN54S3OSQXDX5NYOGYZBGLIZZEKQSROO3AXKX2WPJ2CRMAW57YMDXWWE","2022-01-19 12:40:18.000"
"G4GQZ2GHZJ7UP6NRYBHZKNZILT47VIEBJ22E4NIPKHW67IWKYPG52AKHKI",7,"TXY2RRX6I5INCDASONMXOK6CP7TH75F25TEMMFWJTMU4S2H2MO3MS537K4","2022-01-19 12:40:18.000"
"GCKFOGZST6CIYRTY3WAQFFXCRGSBNGQUQLC4PVVX4C3RSAGD3XVZGZS4EQ",1,"EJGN54S3OSQXDX5NYOGYZBGLIZZEKQSROO3AXKX2WPJ2CRMAW57YMDXWWE","2022-01-19 12:46:34.000"
"TXY2RRX6I5INCDASONMXOK6CP7TH75F25TEMMFWJTMU4S2H2MO3MS537K4",7,"G4GQZ2GHZJ7UP6NRYBHZKNZILT47VIEBJ22E4NIPKHW67IWKYPG52AKHKI","2022-01-19 12:46:43.000"
"O6CDEA7NCJASQSYSAMLPGLICTTPP3BGVOCPYFGCFT54O4SCXGN3ULAOYPU",7,"TXY2RRX6I5INCDASONMXOK6CP7TH75F25TEMMFWJTMU4S2H2MO3MS537K4","2022-01-19 12:46:43.000"
"IMBGHPYR22OMYSSJUDK4CYTQVQOGWZZKRJKA3SRFZDR7LDMWQHVY3RBM7I",25,"NK7WKJMABVSIY3FTNKVSKQZTGW4HEWFBJK47GSN3AC3BR3EL3FGHZ5PPTM","2022-01-19 12:49:29.000"
"TXAKUA22O33U554AX5BNOZDP7WN3DPDV4FX67WKDFBJIEDPCPDIGWSH4VY",0,"TXAKUA22O33U554AX5BNOZDP7WN3DPDV4FX67WKDFBJIEDPCPDIGWSH4VY","2022-01-19 12:50:52.000"
"XEBMDXC3RGM33FQUDKEPFLDRCP7LKRHVBQHMXS72TLNATUKCIDP7OT7HLE",1000,"PGBUQLYYAONZWNTJAGHJF52SQ6HRNTUHDI6LHZ5TONFD4KJGOQ6OGNOJSM","2022-01-19 12:51:22.000"
"TXY2RRX6I5INCDASONMXOK6CP7TH75F25TEMMFWJTMU4S2H2MO3MS537K4",9,"EJGN54S3OSQXDX5NYOGYZBGLIZZEKQSROO3AXKX2WPJ2CRMAW57YMDXWWE","2022-01-19 12:52:10.000"
"G4GQZ2GHZJ7UP6NRYBHZKNZILT47VIEBJ22E4NIPKHW67IWKYPG52AKHKI",9,"TXY2RRX6I5INCDASONMXOK6CP7TH75F25TEMMFWJTMU4S2H2MO3MS537K4","2022-01-19 12:52:10.000"
"C7E53W7AMGG5HY7R3UCFSZQK2YRVHBBLU3YECIWQ264CGKWE3GOPWZZOJ4",2,"EJGN54S3OSQXDX5NYOGYZBGLIZZEKQSROO3AXKX2WPJ2CRMAW57YMDXWWE","2022-01-19 12:53:37.000"
"XEBMDXC3RGM33FQUDKEPFLDRCP7LKRHVBQHMXS72TLNATUKCIDP7OT7HLE",22,"O6CDEA7NCJASQSYSAMLPGLICTTPP3BGVOCPYFGCFT54O4SCXGN3ULAOYPU","2022-01-19 12:54:12.000"
"EOTX7I5HTK6BIVR2L4XCZS2SAHW4LND7FPTSQFQ5E2ZSM6YRWRUGYQK6UE",2,"C7E53W7AMGG5HY7R3UCFSZQK2YRVHBBLU3YECIWQ264CGKWE3GOPWZZOJ4","2022-01-19 12:54:30.000"
"EJGN54S3OSQXDX5NYOGYZBGLIZZEKQSROO3AXKX2WPJ2CRMAW57YMDXWWE",170,"ZID33R4COZEUWNL6WPFUMWVUPOYHO4BI6NFES54FWOK6HXKDAA37HBZN4Y","2022-01-19 12:55:09.000"
"TXY2RRX6I5INCDASONMXOK6CP7TH75F25TEMMFWJTMU4S2H2MO3MS537K4",5,"EJGN54S3OSQXDX5NYOGYZBGLIZZEKQSROO3AXKX2WPJ2CRMAW57YMDXWWE","2022-01-19 12:56:28.000"
"G4GQZ2GHZJ7UP6NRYBHZKNZILT47VIEBJ22E4NIPKHW67IWKYPG52AKHKI",5,"TXY2RRX6I5INCDASONMXOK6CP7TH75F25TEMMFWJTMU4S2H2MO3MS537K4","2022-01-19 12:56:28.000"
"EJGN54S3OSQXDX5NYOGYZBGLIZZEKQSROO3AXKX2WPJ2CRMAW57YMDXWWE",1022,"XEBMDXC3RGM33FQUDKEPFLDRCP7LKRHVBQHMXS72TLNATUKCIDP7OT7HLE","2022-01-19 12:56:37.000"
"EJGN54S3OSQXDX5NYOGYZBGLIZZEKQSROO3AXKX2WPJ2CRMAW57YMDXWWE",341,"ZID33R4COZEUWNL6WPFUMWVUPOYHO4BI6NFES54FWOK6HXKDAA37HBZN4Y","2022-01-19 12:59:18.000"
"EJGN54S3OSQXDX5NYOGYZBGLIZZEKQSROO3AXKX2WPJ2CRMAW57YMDXWWE",75,"IMBGHPYR22OMYSSJUDK4CYTQVQOGWZZKRJKA3SRFZDR7LDMWQHVY3RBM7I","2022-01-19 13:00:15.000"
"TXY2RRX6I5INCDASONMXOK6CP7TH75F25TEMMFWJTMU4S2H2MO3MS537K4",35,"EJGN54S3OSQXDX5NYOGYZBGLIZZEKQSROO3AXKX2WPJ2CRMAW57YMDXWWE","2022-01-19 13:00:15.000"
"O6CDEA7NCJASQSYSAMLPGLICTTPP3BGVOCPYFGCFT54O4SCXGN3ULAOYPU",35,"TXY2RRX6I5INCDASONMXOK6CP7TH75F25TEMMFWJTMU4S2H2MO3MS537K4","2022-01-19 13:00:15.000"
"C7E53W7AMGG5HY7R3UCFSZQK2YRVHBBLU3YECIWQ264CGKWE3GOPWZZOJ4",200,"EJGN54S3OSQXDX5NYOGYZBGLIZZEKQSROO3AXKX2WPJ2CRMAW57YMDXWWE","2022-01-19 13:04:42.000"
"TXY2RRX6I5INCDASONMXOK6CP7TH75F25TEMMFWJTMU4S2H2MO3MS537K4",6,"O6CDEA7NCJASQSYSAMLPGLICTTPP3BGVOCPYFGCFT54O4SCXGN3ULAOYPU","2022-01-19 13:05:25.000"
"G4GQZ2GHZJ7UP6NRYBHZKNZILT47VIEBJ22E4NIPKHW67IWKYPG52AKHKI",6,"TXY2RRX6I5INCDASONMXOK6CP7TH75F25TEMMFWJTMU4S2H2MO3MS537K4","2022-01-19 13:05:25.000"
"EJGN54S3OSQXDX5NYOGYZBGLIZZEKQSROO3AXKX2WPJ2CRMAW57YMDXWWE",1661,"GDUVISPFSIPPUUYTHZKLJ3BXSKN4XX6MHHKVINNL3G7N7EIAY6USO7L3DQ","2022-01-19 13:07:23.000"
"OJGTHEJ2O5NXN7FVXDZZEEJTUEQHHCIYIE5MWY6BEFVVLZ2KANJODBOKGA",0,"WA6PMAGT2DXRX4HUB6YDPJCJWLY4T6YZW5RDUM7JAQYJOUHZRCVUIEX45I","2022-01-19 13:09:13.000"
"ZFX44CFTQDWNEQH6O6MWSTOLFGLF7IVDAMKY5G6KYJYAETCFPPDW3TCSCY",0,"ZFX44CFTQDWNEQH6O6MWSTOLFGLF7IVDAMKY5G6KYJYAETCFPPDW3TCSCY","2022-01-19 13:11:33.000"
"GDUVISPFSIPPUUYTHZKLJ3BXSKN4XX6MHHKVINNL3G7N7EIAY6USO7L3DQ",200,"EJGN54S3OSQXDX5NYOGYZBGLIZZEKQSROO3AXKX2WPJ2CRMAW57YMDXWWE","2022-01-19 13:11:50.000"
"TXY2RRX6I5INCDASONMXOK6CP7TH75F25TEMMFWJTMU4S2H2MO3MS537K4",72,"O6CDEA7NCJASQSYSAMLPGLICTTPP3BGVOCPYFGCFT54O4SCXGN3ULAOYPU","2022-01-19 13:11:50.000"
"EJGN54S3OSQXDX5NYOGYZBGLIZZEKQSROO3AXKX2WPJ2CRMAW57YMDXWWE",72,"TXY2RRX6I5INCDASONMXOK6CP7TH75F25TEMMFWJTMU4S2H2MO3MS537K4","2022-01-19 13:11:50.000"
"ZFX44CFTQDWNEQH6O6MWSTOLFGLF7IVDAMKY5G6KYJYAETCFPPDW3TCSCY",25,"QHGQ6D2YVWKSJSRUNPRCJ2TN5LPXRP2ADMB6TUWGGEHFRDL3FSITRBURBQ","2022-01-19 13:11:54.000"
"OJGTHEJ2O5NXN7FVXDZZEEJTUEQHHCIYIE5MWY6BEFVVLZ2KANJODBOKGA",0,"QHGQ6D2YVWKSJSRUNPRCJ2TN5LPXRP2ADMB6TUWGGEHFRDL3FSITRBURBQ","2022-01-19 13:12:38.000"
"EJGN54S3OSQXDX5NYOGYZBGLIZZEKQSROO3AXKX2WPJ2CRMAW57YMDXWWE",200,"GDUVISPFSIPPUUYTHZKLJ3BXSKN4XX6MHHKVINNL3G7N7EIAY6USO7L3DQ","2022-01-19 13:13:00.000"
"TXY2RRX6I5INCDASONMXOK6CP7TH75F25TEMMFWJTMU4S2H2MO3MS537K4",17,"G4GQZ2GHZJ7UP6NRYBHZKNZILT47VIEBJ22E4NIPKHW67IWKYPG52AKHKI","2022-01-19 13:13:48.000"
"EJGN54S3OSQXDX5NYOGYZBGLIZZEKQSROO3AXKX2WPJ2CRMAW57YMDXWWE",17,"TXY2RRX6I5INCDASONMXOK6CP7TH75F25TEMMFWJTMU4S2H2MO3MS537K4","2022-01-19 13:13:48.000"
"I3XGO7B7ETTRIVGA5UDPE6APSJKH567VHEPT7PX4KU57TM2SV4BDPW364A",0,"I3XGO7B7ETTRIVGA5UDPE6APSJKH567VHEPT7PX4KU57TM2SV4BDPW364A","2022-01-19 13:15:24.000"
"7FOA3EAJ3SKGY35HMWSV4U4ETY62LFPDH4VHABZNKEMDJJ5AFP3R2HDGHQ",0,"7FOA3EAJ3SKGY35HMWSV4U4ETY62LFPDH4VHABZNKEMDJJ5AFP3R2HDGHQ","2022-01-19 13:16:56.000"
"OJGTHEJ2O5NXN7FVXDZZEEJTUEQHHCIYIE5MWY6BEFVVLZ2KANJODBOKGA",0,"R2SPXCEQTPRXM76ONYQ4ZO4J4INVPUOPGRDJUQ3QPLUJT2PEIC25GDR6U4","2022-01-19 13:18:28.000"
"EJGN54S3OSQXDX5NYOGYZBGLIZZEKQSROO3AXKX2WPJ2CRMAW57YMDXWWE",32,"ZXQ5IABVVSJUILXU7WJ6YNWNJELPS2KX2L4EEJEUENRCQEYDXTEKPJ47FM","2022-01-19 13:21:40.000"
"DLGBIQXQ3DKC4VRVLSFT6IRS3OUMFHGGVD2LJQALEYYQ4GBSDBZW27G6S4",56,"EJGN54S3OSQXDX5NYOGYZBGLIZZEKQSROO3AXKX2WPJ2CRMAW57YMDXWWE","2022-01-19 13:21:45.000"
"EJGN54S3OSQXDX5NYOGYZBGLIZZEKQSROO3AXKX2WPJ2CRMAW57YMDXWWE",477,"SBXVY37E2HHMQH3HJJ6X6MO224JJJ4AYZA6FXIKJMEDB4AS4KI3O4SQN5Q","2022-01-19 13:25:15.000"
"TXY2RRX6I5INCDASONMXOK6CP7TH75F25TEMMFWJTMU4S2H2MO3MS537K4",90,"EJGN54S3OSQXDX5NYOGYZBGLIZZEKQSROO3AXKX2WPJ2CRMAW57YMDXWWE","2022-01-19 13:25:15.000"
"O6CDEA7NCJASQSYSAMLPGLICTTPP3BGVOCPYFGCFT54O4SCXGN3ULAOYPU",90,"TXY2RRX6I5INCDASONMXOK6CP7TH75F25TEMMFWJTMU4S2H2MO3MS537K4","2022-01-19 13:25:15.000"
"EJGN54S3OSQXDX5NYOGYZBGLIZZEKQSROO3AXKX2WPJ2CRMAW57YMDXWWE",3000,"FUXP67ICAL6BHF75W23BGXPIQ5Q3G2KMV4RVKEUOQOUJNGOSYUETKR3KHA","2022-01-19 13:25:54.000"
"F2M7D27NRTIUFIKUUHNBDQFDN42WZSAOZRC3CBYKDGX6BX6YKYTKLBICSY",149,"EJGN54S3OSQXDX5NYOGYZBGLIZZEKQSROO3AXKX2WPJ2CRMAW57YMDXWWE","2022-01-19 13:27:35.000"
"F2M7D27NRTIUFIKUUHNBDQFDN42WZSAOZRC3CBYKDGX6BX6YKYTKLBICSY",20,"EJGN54S3OSQXDX5NYOGYZBGLIZZEKQSROO3AXKX2WPJ2CRMAW57YMDXWWE","2022-01-19 13:27:57.000"
"EJGN54S3OSQXDX5NYOGYZBGLIZZEKQSROO3AXKX2WPJ2CRMAW57YMDXWWE",1120,"E5HZNOGMZCLE7QAYG76JPP5ULDV5EVNR2P3VASSNQ2FDSLQGRVNEMCTVXQ","2022-01-19 13:28:14.000"
"TXY2RRX6I5INCDASONMXOK6CP7TH75F25TEMMFWJTMU4S2H2MO3MS537K4",205,"EJGN54S3OSQXDX5NYOGYZBGLIZZEKQSROO3AXKX2WPJ2CRMAW57YMDXWWE","2022-01-19 13:28:14.000"
"O6CDEA7NCJASQSYSAMLPGLICTTPP3BGVOCPYFGCFT54O4SCXGN3ULAOYPU",205,"TXY2RRX6I5INCDASONMXOK6CP7TH75F25TEMMFWJTMU4S2H2MO3MS537K4","2022-01-19 13:28:14.000"
"TXY2RRX6I5INCDASONMXOK6CP7TH75F25TEMMFWJTMU4S2H2MO3MS537K4",4,"EJGN54S3OSQXDX5NYOGYZBGLIZZEKQSROO3AXKX2WPJ2CRMAW57YMDXWWE","2022-01-19 13:28:14.000"
"G4GQZ2GHZJ7UP6NRYBHZKNZILT47VIEBJ22E4NIPKHW67IWKYPG52AKHKI",4,"TXY2RRX6I5INCDASONMXOK6CP7TH75F25TEMMFWJTMU4S2H2MO3MS537K4","2022-01-19 13:28:14.000"
"F2M7D27NRTIUFIKUUHNBDQFDN42WZSAOZRC3CBYKDGX6BX6YKYTKLBICSY",1,"E7QTCJL2AMGJTTDLTMIVOCOEUXAXK3JJZEV6YBIOVZVNTSJMTFLIGW5HAA","2022-01-19 13:28:27.000"
"2ZIQ2SNUWNRFCEXIGPM7MKHX4FSQPUCMQDWZXAFYZMYNQHSXUEVVV6WE7M",0,"2ZIQ2SNUWNRFCEXIGPM7MKHX4FSQPUCMQDWZXAFYZMYNQHSXUEVVV6WE7M","2022-01-19 13:28:45.000"
"2ZIQ2SNUWNRFCEXIGPM7MKHX4FSQPUCMQDWZXAFYZMYNQHSXUEVVV6WE7M",544,"EJGN54S3OSQXDX5NYOGYZBGLIZZEKQSROO3AXKX2WPJ2CRMAW57YMDXWWE","2022-01-19 13:29:11.000"
"TXY2RRX6I5INCDASONMXOK6CP7TH75F25TEMMFWJTMU4S2H2MO3MS537K4",92,"O6CDEA7NCJASQSYSAMLPGLICTTPP3BGVOCPYFGCFT54O4SCXGN3ULAOYPU","2022-01-19 13:29:11.000"
"EJGN54S3OSQXDX5NYOGYZBGLIZZEKQSROO3AXKX2WPJ2CRMAW57YMDXWWE",92,"TXY2RRX6I5INCDASONMXOK6CP7TH75F25TEMMFWJTMU4S2H2MO3MS537K4","2022-01-19 13:29:11.000"
"F2M7D27NRTIUFIKUUHNBDQFDN42WZSAOZRC3CBYKDGX6BX6YKYTKLBICSY",1493,"E7QTCJL2AMGJTTDLTMIVOCOEUXAXK3JJZEV6YBIOVZVNTSJMTFLIGW5HAA","2022-01-19 13:29:59.000"
"C7E53W7AMGG5HY7R3UCFSZQK2YRVHBBLU3YECIWQ264CGKWE3GOPWZZOJ4",260,"EJGN54S3OSQXDX5NYOGYZBGLIZZEKQSROO3AXKX2WPJ2CRMAW57YMDXWWE","2022-01-19 13:32:15.000"
"EOTX7I5HTK6BIVR2L4XCZS2SAHW4LND7FPTSQFQ5E2ZSM6YRWRUGYQK6UE",460,"C7E53W7AMGG5HY7R3UCFSZQK2YRVHBBLU3YECIWQ264CGKWE3GOPWZZOJ4","2022-01-19 13:32:37.000"
"C7E53W7AMGG5HY7R3UCFSZQK2YRVHBBLU3YECIWQ264CGKWE3GOPWZZOJ4",1,"EJGN54S3OSQXDX5NYOGYZBGLIZZEKQSROO3AXKX2WPJ2CRMAW57YMDXWWE","2022-01-19 13:32:46.000"
"EOTX7I5HTK6BIVR2L4XCZS2SAHW4LND7FPTSQFQ5E2ZSM6YRWRUGYQK6UE",1,"C7E53W7AMGG5HY7R3UCFSZQK2YRVHBBLU3YECIWQ264CGKWE3GOPWZZOJ4","2022-01-19 13:33:08.000"
"2AISZVYVX2DS6PXD6GC7GFZCW4DTXRSMR3E3ETOMMDGUZHXQU4YFLI6B4E",0,"2AISZVYVX2DS6PXD6GC7GFZCW4DTXRSMR3E3ETOMMDGUZHXQU4YFLI6B4E","2022-01-19 13:34:13.000"
"AUR635PQMRAEOBEQ2VGP3IKO6P432EJNYAIIZ5DEDOPIYKJ7NDPIA7PU5Q",544,"2ZIQ2SNUWNRFCEXIGPM7MKHX4FSQPUCMQDWZXAFYZMYNQHSXUEVVV6WE7M","2022-01-19 13:35:06.000"
"2AISZVYVX2DS6PXD6GC7GFZCW4DTXRSMR3E3ETOMMDGUZHXQU4YFLI6B4E",25,"TNX5WZG6HHYZ5ZDHEGMFEL7J66SAIUUF2JWLNIDRRGPUAZYC5BYNYSNSPM","2022-01-19 13:36:07.000"
"OJGTHEJ2O5NXN7FVXDZZEEJTUEQHHCIYIE5MWY6BEFVVLZ2KANJODBOKGA",0,"TNX5WZG6HHYZ5ZDHEGMFEL7J66SAIUUF2JWLNIDRRGPUAZYC5BYNYSNSPM","2022-01-19 13:36:42.000"
"3OAWVRYWJ5IWPDB3RRCYQAYDLIP4DJ7O3AAC5HOVADDAHSRPNJFHJSL7DY",169,"EJGN54S3OSQXDX5NYOGYZBGLIZZEKQSROO3AXKX2WPJ2CRMAW57YMDXWWE","2022-01-19 13:37:26.000"
"TXY2RRX6I5INCDASONMXOK6CP7TH75F25TEMMFWJTMU4S2H2MO3MS537K4",94,"O6CDEA7NCJASQSYSAMLPGLICTTPP3BGVOCPYFGCFT54O4SCXGN3ULAOYPU","2022-01-19 13:37:26.000"
"EJGN54S3OSQXDX5NYOGYZBGLIZZEKQSROO3AXKX2WPJ2CRMAW57YMDXWWE",94,"TXY2RRX6I5INCDASONMXOK6CP7TH75F25TEMMFWJTMU4S2H2MO3MS537K4","2022-01-19 13:37:26.000"
"IPG67E5YTW7HPUYQ5KZ27WPJAITQ5GM67H5UUDEQMIYIJOHBI3D5MOVQEI",0,"IPG67E5YTW7HPUYQ5KZ27WPJAITQ5GM67H5UUDEQMIYIJOHBI3D5MOVQEI","2022-01-19 13:37:30.000"
"EJGN54S3OSQXDX5NYOGYZBGLIZZEKQSROO3AXKX2WPJ2CRMAW57YMDXWWE",333,"F2M7D27NRTIUFIKUUHNBDQFDN42WZSAOZRC3CBYKDGX6BX6YKYTKLBICSY","2022-01-19 13:38:32.000"
"3OAWVRYWJ5IWPDB3RRCYQAYDLIP4DJ7O3AAC5HOVADDAHSRPNJFHJSL7DY",136,"QF5ACDZXSCMMXJ6DDDE6Y4QQ5KN4VYTWC2TLCG63LQ3DLQBDQNF45N3SDM","2022-01-19 13:39:07.000"
"EJGN54S3OSQXDX5NYOGYZBGLIZZEKQSROO3AXKX2WPJ2CRMAW57YMDXWWE",14551,"IV4VQ5DW3JVUMRBXBBOAKASTAGOUXFRZPPHIC2HHSW2G4QYICNCYW2AXPU","2022-01-19 13:40:17.000"
"OYONGTTE3MOT425SADR3ZMFGYROJMKMMAZNNW7JAWTTOLHLZOYII4UDDFA",1000,"EJGN54S3OSQXDX5NYOGYZBGLIZZEKQSROO3AXKX2WPJ2CRMAW57YMDXWWE","2022-01-19 13:41:09.000"
"TXY2RRX6I5INCDASONMXOK6CP7TH75F25TEMMFWJTMU4S2H2MO3MS537K4",122,"O6CDEA7NCJASQSYSAMLPGLICTTPP3BGVOCPYFGCFT54O4SCXGN3ULAOYPU","2022-01-19 13:41:09.000"
"EJGN54S3OSQXDX5NYOGYZBGLIZZEKQSROO3AXKX2WPJ2CRMAW57YMDXWWE",122,"TXY2RRX6I5INCDASONMXOK6CP7TH75F25TEMMFWJTMU4S2H2MO3MS537K4","2022-01-19 13:41:09.000"
"EJGN54S3OSQXDX5NYOGYZBGLIZZEKQSROO3AXKX2WPJ2CRMAW57YMDXWWE",305,"3OAWVRYWJ5IWPDB3RRCYQAYDLIP4DJ7O3AAC5HOVADDAHSRPNJFHJSL7DY","2022-01-19 13:41:35.000"
"OYONGTTE3MOT425SADR3ZMFGYROJMKMMAZNNW7JAWTTOLHLZOYII4UDDFA",1000,"EJGN54S3OSQXDX5NYOGYZBGLIZZEKQSROO3AXKX2WPJ2CRMAW57YMDXWWE","2022-01-19 13:43:51.000"
"TXY2RRX6I5INCDASONMXOK6CP7TH75F25TEMMFWJTMU4S2H2MO3MS537K4",122,"O6CDEA7NCJASQSYSAMLPGLICTTPP3BGVOCPYFGCFT54O4SCXGN3ULAOYPU","2022-01-19 13:43:51.000"
"EJGN54S3OSQXDX5NYOGYZBGLIZZEKQSROO3AXKX2WPJ2CRMAW57YMDXWWE",122,"TXY2RRX6I5INCDASONMXOK6CP7TH75F25TEMMFWJTMU4S2H2MO3MS537K4","2022-01-19 13:43:51.000"
"EJGN54S3OSQXDX5NYOGYZBGLIZZEKQSROO3AXKX2WPJ2CRMAW57YMDXWWE",1000,"PXMUJV366CPWAJNREPXD4SDFIF4NBRHI5XDYYJPL5W745XLGCJBI63NGDY","2022-01-19 13:43:51.000"
"TXY2RRX6I5INCDASONMXOK6CP7TH75F25TEMMFWJTMU4S2H2MO3MS537K4",93,"EJGN54S3OSQXDX5NYOGYZBGLIZZEKQSROO3AXKX2WPJ2CRMAW57YMDXWWE","2022-01-19 13:43:51.000"
"O6CDEA7NCJASQSYSAMLPGLICTTPP3BGVOCPYFGCFT54O4SCXGN3ULAOYPU",93,"TXY2RRX6I5INCDASONMXOK6CP7TH75F25TEMMFWJTMU4S2H2MO3MS537K4","2022-01-19 13:43:51.000"
"EJGN54S3OSQXDX5NYOGYZBGLIZZEKQSROO3AXKX2WPJ2CRMAW57YMDXWWE",182,"BGMUUHR2ZGKHYFTOTXMIIH4K6XHYWHFFUXHNGMRKJYUDS44VTMFUE3PJCQ","2022-01-19 13:44:04.000"
"EJGN54S3OSQXDX5NYOGYZBGLIZZEKQSROO3AXKX2WPJ2CRMAW57YMDXWWE",1000,"OYONGTTE3MOT425SADR3ZMFGYROJMKMMAZNNW7JAWTTOLHLZOYII4UDDFA","2022-01-19 13:45:14.000"
"TXY2RRX6I5INCDASONMXOK6CP7TH75F25TEMMFWJTMU4S2H2MO3MS537K4",143,"EJGN54S3OSQXDX5NYOGYZBGLIZZEKQSROO3AXKX2WPJ2CRMAW57YMDXWWE","2022-01-19 13:45:14.000"
"O6CDEA7NCJASQSYSAMLPGLICTTPP3BGVOCPYFGCFT54O4SCXGN3ULAOYPU",143,"TXY2RRX6I5INCDASONMXOK6CP7TH75F25TEMMFWJTMU4S2H2MO3MS537K4","2022-01-19 13:45:14.000"
"4LTJKG3G2ADASPHUAKUZ6WHLRNP4FVU3OC2L5XYER7NFHBEJCU2PJBZ2DM",3,"O6CDEA7NCJASQSYSAMLPGLICTTPP3BGVOCPYFGCFT54O4SCXGN3ULAOYPU","2022-01-19 13:45:27.000"
"EJGN54S3OSQXDX5NYOGYZBGLIZZEKQSROO3AXKX2WPJ2CRMAW57YMDXWWE",1000,"PXMUJV366CPWAJNREPXD4SDFIF4NBRHI5XDYYJPL5W745XLGCJBI63NGDY","2022-01-19 13:46:02.000"
"TXY2RRX6I5INCDASONMXOK6CP7TH75F25TEMMFWJTMU4S2H2MO3MS537K4",120,"EJGN54S3OSQXDX5NYOGYZBGLIZZEKQSROO3AXKX2WPJ2CRMAW57YMDXWWE","2022-01-19 13:46:02.000"
"O6CDEA7NCJASQSYSAMLPGLICTTPP3BGVOCPYFGCFT54O4SCXGN3ULAOYPU",120,"TXY2RRX6I5INCDASONMXOK6CP7TH75F25TEMMFWJTMU4S2H2MO3MS537K4","2022-01-19 13:46:02.000"
"EJGN54S3OSQXDX5NYOGYZBGLIZZEKQSROO3AXKX2WPJ2CRMAW57YMDXWWE",1000,"OYONGTTE3MOT425SADR3ZMFGYROJMKMMAZNNW7JAWTTOLHLZOYII4UDDFA","2022-01-19 13:47:03.000"
"TXY2RRX6I5INCDASONMXOK6CP7TH75F25TEMMFWJTMU4S2H2MO3MS537K4",121,"EJGN54S3OSQXDX5NYOGYZBGLIZZEKQSROO3AXKX2WPJ2CRMAW57YMDXWWE","2022-01-19 13:47:03.000"
"O6CDEA7NCJASQSYSAMLPGLICTTPP3BGVOCPYFGCFT54O4SCXGN3ULAOYPU",121,"TXY2RRX6I5INCDASONMXOK6CP7TH75F25TEMMFWJTMU4S2H2MO3MS537K4","2022-01-19 13:47:03.000"
"EJGN54S3OSQXDX5NYOGYZBGLIZZEKQSROO3AXKX2WPJ2CRMAW57YMDXWWE",500,"OYONGTTE3MOT425SADR3ZMFGYROJMKMMAZNNW7JAWTTOLHLZOYII4UDDFA","2022-01-19 13:49:14.000"
"DLGBIQXQ3DKC4VRVLSFT6IRS3OUMFHGGVD2LJQALEYYQ4GBSDBZW27G6S4",391,"EJGN54S3OSQXDX5NYOGYZBGLIZZEKQSROO3AXKX2WPJ2CRMAW57YMDXWWE","2022-01-19 13:52:00.000"
"GXIAUXCKYDW4HBSSVVRK2TRI65QUDBNPQZ5S446IYSCJQQETGBWWWVCTTE",200,"EJGN54S3OSQXDX5NYOGYZBGLIZZEKQSROO3AXKX2WPJ2CRMAW57YMDXWWE","2022-01-19 13:55:57.000"
"C7E53W7AMGG5HY7R3UCFSZQK2YRVHBBLU3YECIWQ264CGKWE3GOPWZZOJ4",300,"EJGN54S3OSQXDX5NYOGYZBGLIZZEKQSROO3AXKX2WPJ2CRMAW57YMDXWWE","2022-01-19 13:57:07.000"
"EOTX7I5HTK6BIVR2L4XCZS2SAHW4LND7FPTSQFQ5E2ZSM6YRWRUGYQK6UE",300,"C7E53W7AMGG5HY7R3UCFSZQK2YRVHBBLU3YECIWQ264CGKWE3GOPWZZOJ4","2022-01-19 13:58:26.000"
"DLGBIQXQ3DKC4VRVLSFT6IRS3OUMFHGGVD2LJQALEYYQ4GBSDBZW27G6S4",370,"EJGN54S3OSQXDX5NYOGYZBGLIZZEKQSROO3AXKX2WPJ2CRMAW57YMDXWWE","2022-01-19 14:00:37.000"
"K6G4D3QMYRV2YXFK4UDOKOD4URNDP7MJ4EMAV55OZD6ZLLDCXHQKJNIS4E",28,"O6CDEA7NCJASQSYSAMLPGLICTTPP3BGVOCPYFGCFT54O4SCXGN3ULAOYPU","2022-01-19 14:02:26.000"
"EJGN54S3OSQXDX5NYOGYZBGLIZZEKQSROO3AXKX2WPJ2CRMAW57YMDXWWE",62,"2HGZ2WLDORPTZWJXN6ZRQBZX2FCOMQMGTXYHGC2ICF3ZMEFVUPSUPXZJ6U","2022-01-19 14:06:04.000"
"O2DLBJPZKT5I3KKXY33U36RDFGOHE7HBQQB7VVJZG7R5XDVTM5TJTTTDSI",0,"O2DLBJPZKT5I3KKXY33U36RDFGOHE7HBQQB7VVJZG7R5XDVTM5TJTTTDSI","2022-01-19 14:11:32.000"
"O2DLBJPZKT5I3KKXY33U36RDFGOHE7HBQQB7VVJZG7R5XDVTM5TJTTTDSI",91,"EJGN54S3OSQXDX5NYOGYZBGLIZZEKQSROO3AXKX2WPJ2CRMAW57YMDXWWE","2022-01-19 14:12:02.000"
"TXY2RRX6I5INCDASONMXOK6CP7TH75F25TEMMFWJTMU4S2H2MO3MS537K4",73,"O6CDEA7NCJASQSYSAMLPGLICTTPP3BGVOCPYFGCFT54O4SCXGN3ULAOYPU","2022-01-19 14:12:02.000"
"EJGN54S3OSQXDX5NYOGYZBGLIZZEKQSROO3AXKX2WPJ2CRMAW57YMDXWWE",73,"TXY2RRX6I5INCDASONMXOK6CP7TH75F25TEMMFWJTMU4S2H2MO3MS537K4","2022-01-19 14:12:02.000"
"MYMQIQXE2N5Z532IJCW7OII7LAUK2IMZ72MRJKFKZCOFUUGI5JVMLPMHQE",0,"MYMQIQXE2N5Z532IJCW7OII7LAUK2IMZ72MRJKFKZCOFUUGI5JVMLPMHQE","2022-01-19 14:15:15.000"
"OJGTHEJ2O5NXN7FVXDZZEEJTUEQHHCIYIE5MWY6BEFVVLZ2KANJODBOKGA",0,"KFJKULZ5V4VST2L2DE4SK7DNAYYZDLGJB43BAR3GK2PQVWGXKZYY7HBV5Q","2022-01-19 14:22:09.000"
"EJGN54S3OSQXDX5NYOGYZBGLIZZEKQSROO3AXKX2WPJ2CRMAW57YMDXWWE",488,"B5WMJWSJ3ELBFOC76UWFFCWDUR5F6AQ4QIHV3FTMUYN26UMTPA3XYBYW5E","2022-01-19 14:22:18.000"
"EJGN54S3OSQXDX5NYOGYZBGLIZZEKQSROO3AXKX2WPJ2CRMAW57YMDXWWE",461,"PTYMY2XZPZVOBQFOUPAEWR47BBMGYUP3PFO5KS57VWW4TTRRO2XKRGTB2Y","2022-01-19 14:26:31.000"
"TXY2RRX6I5INCDASONMXOK6CP7TH75F25TEMMFWJTMU4S2H2MO3MS537K4",84,"EJGN54S3OSQXDX5NYOGYZBGLIZZEKQSROO3AXKX2WPJ2CRMAW57YMDXWWE","2022-01-19 14:26:31.000"
"O6CDEA7NCJASQSYSAMLPGLICTTPP3BGVOCPYFGCFT54O4SCXGN3ULAOYPU",84,"TXY2RRX6I5INCDASONMXOK6CP7TH75F25TEMMFWJTMU4S2H2MO3MS537K4","2022-01-19 14:26:31.000"
"EJGN54S3OSQXDX5NYOGYZBGLIZZEKQSROO3AXKX2WPJ2CRMAW57YMDXWWE",100,"CQ6OTFWGVNXTHZTP3RIGFNJLMDCBEKVB7JVKPRUWZ2AWDAW6324RWAJ3OM","2022-01-19 14:35:49.000"
"ZHES57I43J74GBAU3GUDXU3RM2XSXBV4BZF7XN3FZQ3JOFT3OEPPMCCMLY",57,"EJGN54S3OSQXDX5NYOGYZBGLIZZEKQSROO3AXKX2WPJ2CRMAW57YMDXWWE","2022-01-19 14:40:02.000"
"JTKLW4MUFA735XAMO2II6OVT7MPMKVU2ZCY7RGQJYMBIUYCJKGER7RQ2WM",1,"O6CDEA7NCJASQSYSAMLPGLICTTPP3BGVOCPYFGCFT54O4SCXGN3ULAOYPU","2022-01-19 14:46:26.000"
"3OAWVRYWJ5IWPDB3RRCYQAYDLIP4DJ7O3AAC5HOVADDAHSRPNJFHJSL7DY",380,"EJGN54S3OSQXDX5NYOGYZBGLIZZEKQSROO3AXKX2WPJ2CRMAW57YMDXWWE","2022-01-19 14:50:05.000"
"3OAWVRYWJ5IWPDB3RRCYQAYDLIP4DJ7O3AAC5HOVADDAHSRPNJFHJSL7DY",1,"EJGN54S3OSQXDX5NYOGYZBGLIZZEKQSROO3AXKX2WPJ2CRMAW57YMDXWWE","2022-01-19 14:50:22.000"
"EJGN54S3OSQXDX5NYOGYZBGLIZZEKQSROO3AXKX2WPJ2CRMAW57YMDXWWE",30,"V5JBEEMXCCVMATLQFFUEHKWEOHHRKJXCSTDOCDQSOJVVX4RQG6BE4OTSHE","2022-01-19 14:52:59.000"
"EJGN54S3OSQXDX5NYOGYZBGLIZZEKQSROO3AXKX2WPJ2CRMAW57YMDXWWE",252,"A3TQLIGOKQXOQWESJI7JGKCNBFTES4SVRZ6DNLUFFPDJZLHNPBGPCYO5KQ","2022-01-19 14:53:17.000"
"CQ6OTFWGVNXTHZTP3RIGFNJLMDCBEKVB7JVKPRUWZ2AWDAW6324RWAJ3OM",97,"EJGN54S3OSQXDX5NYOGYZBGLIZZEKQSROO3AXKX2WPJ2CRMAW57YMDXWWE","2022-01-19 15:00:40.000"
"CQ6OTFWGVNXTHZTP3RIGFNJLMDCBEKVB7JVKPRUWZ2AWDAW6324RWAJ3OM",1,"EJGN54S3OSQXDX5NYOGYZBGLIZZEKQSROO3AXKX2WPJ2CRMAW57YMDXWWE","2022-01-19 15:02:20.000"
"3OAWVRYWJ5IWPDB3RRCYQAYDLIP4DJ7O3AAC5HOVADDAHSRPNJFHJSL7DY",395,"EJGN54S3OSQXDX5NYOGYZBGLIZZEKQSROO3AXKX2WPJ2CRMAW57YMDXWWE","2022-01-19 15:02:38.000"
"TXY2RRX6I5INCDASONMXOK6CP7TH75F25TEMMFWJTMU4S2H2MO3MS537K4",9,"O6CDEA7NCJASQSYSAMLPGLICTTPP3BGVOCPYFGCFT54O4SCXGN3ULAOYPU","2022-01-19 15:02:47.000"
"G4GQZ2GHZJ7UP6NRYBHZKNZILT47VIEBJ22E4NIPKHW67IWKYPG52AKHKI",9,"TXY2RRX6I5INCDASONMXOK6CP7TH75F25TEMMFWJTMU4S2H2MO3MS537K4","2022-01-19 15:02:47.000"
"EJGN54S3OSQXDX5NYOGYZBGLIZZEKQSROO3AXKX2WPJ2CRMAW57YMDXWWE",776,"3OAWVRYWJ5IWPDB3RRCYQAYDLIP4DJ7O3AAC5HOVADDAHSRPNJFHJSL7DY","2022-01-19 15:03:39.000"
"T2RVXMHASWRGYTEOQHRDNMCWD6JDJZKAJ7M542YIUADO7LHRUTNAYILSUY",0,"T2RVXMHASWRGYTEOQHRDNMCWD6JDJZKAJ7M542YIUADO7LHRUTNAYILSUY","2022-01-19 15:10:00.000"
"T2RVXMHASWRGYTEOQHRDNMCWD6JDJZKAJ7M542YIUADO7LHRUTNAYILSUY",100,"5IMSJKXQHPPLGECB4IGMIXHYSMRPMQFREVOPX5QELY5AOT3W63JLKUOQME","2022-01-19 15:10:22.000"
"EJGN54S3OSQXDX5NYOGYZBGLIZZEKQSROO3AXKX2WPJ2CRMAW57YMDXWWE",100,"T2RVXMHASWRGYTEOQHRDNMCWD6JDJZKAJ7M542YIUADO7LHRUTNAYILSUY","2022-01-19 15:11:15.000"
"EJGN54S3OSQXDX5NYOGYZBGLIZZEKQSROO3AXKX2WPJ2CRMAW57YMDXWWE",755,"XQJRIEXIDGNUF6R6J5HKPXIBSFVJIOZJ7U2D42J4IJ4CT4GU2U2ZMDPZ44","2022-01-19 15:13:09.000"
"EJGN54S3OSQXDX5NYOGYZBGLIZZEKQSROO3AXKX2WPJ2CRMAW57YMDXWWE",308,"UD4D3IWK7R4QZNBAANNIDCBJGRHF2CQT2AWHVRR3GAT4MA6XBT5JFOO5MA","2022-01-19 15:14:01.000"
"EJGN54S3OSQXDX5NYOGYZBGLIZZEKQSROO3AXKX2WPJ2CRMAW57YMDXWWE",399,"DLGBIQXQ3DKC4VRVLSFT6IRS3OUMFHGGVD2LJQALEYYQ4GBSDBZW27G6S4","2022-01-19 15:14:28.000"
"EJGN54S3OSQXDX5NYOGYZBGLIZZEKQSROO3AXKX2WPJ2CRMAW57YMDXWWE",499,"JTKLW4MUFA735XAMO2II6OVT7MPMKVU2ZCY7RGQJYMBIUYCJKGER7RQ2WM","2022-01-19 15:16:53.000"
"EJGN54S3OSQXDX5NYOGYZBGLIZZEKQSROO3AXKX2WPJ2CRMAW57YMDXWWE",100,"FQSZLT3LOQ3LDA2MCLXMYQHWBXKBXW7GYGOHPVVA37I2JDSRGVDJ2MTYWE","2022-01-19 15:17:01.000"
"FCEVZ36JNJWDLQPO26KDCQCFTRF5DACHYZ4A4532CAYOQXKLDI4SVMXYZI",73,"EJGN54S3OSQXDX5NYOGYZBGLIZZEKQSROO3AXKX2WPJ2CRMAW57YMDXWWE","2022-01-19 15:17:01.000"
"O6CDEA7NCJASQSYSAMLPGLICTTPP3BGVOCPYFGCFT54O4SCXGN3ULAOYPU",73,"FCEVZ36JNJWDLQPO26KDCQCFTRF5DACHYZ4A4532CAYOQXKLDI4SVMXYZI","2022-01-19 15:17:01.000"
"74Y7DGBPBE7OWCZ5IB3WMOAKF4FZOHNTDU6PH2GGX4E3A7RN6IRUF73EC4",0,"74Y7DGBPBE7OWCZ5IB3WMOAKF4FZOHNTDU6PH2GGX4E3A7RN6IRUF73EC4","2022-01-19 15:18:16.000"
"74Y7DGBPBE7OWCZ5IB3WMOAKF4FZOHNTDU6PH2GGX4E3A7RN6IRUF73EC4",19,"EJGN54S3OSQXDX5NYOGYZBGLIZZEKQSROO3AXKX2WPJ2CRMAW57YMDXWWE","2022-01-19 15:19:04.000"
"EJGN54S3OSQXDX5NYOGYZBGLIZZEKQSROO3AXKX2WPJ2CRMAW57YMDXWWE",25,"6XQURXBGR7NN2V3DYLVAPIO3YFMW4SQ2ZA2T2W3GI272GTDG44YDRN2XQ4","2022-01-19 15:24:54.000"
"EJGN54S3OSQXDX5NYOGYZBGLIZZEKQSROO3AXKX2WPJ2CRMAW57YMDXWWE",250,"4JKEBL55T7E7IZSDR6ECR4Z4ZBA56LBZBVBZZEGNRC62XHRCLIBFJWSNB4","2022-01-19 15:27:32.000"
"3OAWVRYWJ5IWPDB3RRCYQAYDLIP4DJ7O3AAC5HOVADDAHSRPNJFHJSL7DY",615,"EJGN54S3OSQXDX5NYOGYZBGLIZZEKQSROO3AXKX2WPJ2CRMAW57YMDXWWE","2022-01-19 15:28:33.000"
"EZFBBAMBO6HTENKVLZON77DY3OXYZULVDYYY4ANMIOSZEQD2QF6LKRXD3A",250,"EJGN54S3OSQXDX5NYOGYZBGLIZZEKQSROO3AXKX2WPJ2CRMAW57YMDXWWE","2022-01-19 15:31:06.000"
"3OAWVRYWJ5IWPDB3RRCYQAYDLIP4DJ7O3AAC5HOVADDAHSRPNJFHJSL7DY",4,"EJGN54S3OSQXDX5NYOGYZBGLIZZEKQSROO3AXKX2WPJ2CRMAW57YMDXWWE","2022-01-19 15:34:40.000"
"3OIQL5Y7ZGW43IICFDW4VXEFZMMPBLN73CQM3FF3RHJEXPXDEV26ECAK5Y",0,"3OIQL5Y7ZGW43IICFDW4VXEFZMMPBLN73CQM3FF3RHJEXPXDEV26ECAK5Y","2022-01-19 15:36:16.000"
"2X7BJUCMGIPF7HP3TCEY5OOW5IX2KE2USRG3TRYHHUPRWXQKYPKJN5BEMU",59,"EJGN54S3OSQXDX5NYOGYZBGLIZZEKQSROO3AXKX2WPJ2CRMAW57YMDXWWE","2022-01-19 15:36:42.000"
"3OIQL5Y7ZGW43IICFDW4VXEFZMMPBLN73CQM3FF3RHJEXPXDEV26ECAK5Y",19,"EJGN54S3OSQXDX5NYOGYZBGLIZZEKQSROO3AXKX2WPJ2CRMAW57YMDXWWE","2022-01-19 15:36:56.000"
"Y2MC3X35SXIUDPNZWI2IMXONG523PURPGFRSSAL4VI6XFE7NYYQPISTXP4",197,"EJGN54S3OSQXDX5NYOGYZBGLIZZEKQSROO3AXKX2WPJ2CRMAW57YMDXWWE","2022-01-19 15:45:35.000"
"EJGN54S3OSQXDX5NYOGYZBGLIZZEKQSROO3AXKX2WPJ2CRMAW57YMDXWWE",526,"Y2MC3X35SXIUDPNZWI2IMXONG523PURPGFRSSAL4VI6XFE7NYYQPISTXP4","2022-01-19 15:46:54.000"
"XQAEGT7LJDHPK2LPLLNPASOKRLSTK2CZZXFD7HUC2V5LOLRSFIWHXIISAA",0,"XQAEGT7LJDHPK2LPLLNPASOKRLSTK2CZZXFD7HUC2V5LOLRSFIWHXIISAA","2022-01-19 15:50:59.000"
"B56U2WMEKGRFISVAGFSQ7B6HC3MVCHQSKPC2SPGKP7OQHPM4F7PUAFMZMM",14,"EJGN54S3OSQXDX5NYOGYZBGLIZZEKQSROO3AXKX2WPJ2CRMAW57YMDXWWE","2022-01-19 15:51:07.000"
"XQAEGT7LJDHPK2LPLLNPASOKRLSTK2CZZXFD7HUC2V5LOLRSFIWHXIISAA",97,"EJGN54S3OSQXDX5NYOGYZBGLIZZEKQSROO3AXKX2WPJ2CRMAW57YMDXWWE","2022-01-19 15:51:29.000"
"NFVNDEPCTH5TANDCGL4WB5ZX5DMIZ6RTQX5A553ITLAPHBYVAIIUVL2XPE",0,"NFVNDEPCTH5TANDCGL4WB5ZX5DMIZ6RTQX5A553ITLAPHBYVAIIUVL2XPE","2022-01-19 15:56:01.000"
"2RK3SZVNER5T6IWOZHIT2UFKJINEC37A7GKYW4OPJGIIX4PY4QMW44XGHI",100,"EJGN54S3OSQXDX5NYOGYZBGLIZZEKQSROO3AXKX2WPJ2CRMAW57YMDXWWE","2022-01-19 16:06:13.000"
"FSHMAJ65WKNLWWCXJXC5O3HDABZRZ4RHYPENZYNG7H43MCBTQI253YG42Y",400,"EJGN54S3OSQXDX5NYOGYZBGLIZZEKQSROO3AXKX2WPJ2CRMAW57YMDXWWE","2022-01-19 16:07:58.000"
"TXY2RRX6I5INCDASONMXOK6CP7TH75F25TEMMFWJTMU4S2H2MO3MS537K4",69,"O6CDEA7NCJASQSYSAMLPGLICTTPP3BGVOCPYFGCFT54O4SCXGN3ULAOYPU","2022-01-19 16:07:58.000"
"EJGN54S3OSQXDX5NYOGYZBGLIZZEKQSROO3AXKX2WPJ2CRMAW57YMDXWWE",69,"TXY2RRX6I5INCDASONMXOK6CP7TH75F25TEMMFWJTMU4S2H2MO3MS537K4","2022-01-19 16:07:58.000"
"FSHMAJ65WKNLWWCXJXC5O3HDABZRZ4RHYPENZYNG7H43MCBTQI253YG42Y",2,"EJGN54S3OSQXDX5NYOGYZBGLIZZEKQSROO3AXKX2WPJ2CRMAW57YMDXWWE","2022-01-19 16:08:37.000"
"WV25JUWJOG3UCQCEVZDD6TPGVSYLL447UPAHX7Y4CLYP2MVB4KSZZP7RSA",0,"WV25JUWJOG3UCQCEVZDD6TPGVSYLL447UPAHX7Y4CLYP2MVB4KSZZP7RSA","2022-01-19 16:15:36.000"
"EJGN54S3OSQXDX5NYOGYZBGLIZZEKQSROO3AXKX2WPJ2CRMAW57YMDXWWE",953,"4E7CJZ6DTIKTDXBOZQHD7VX3AQOQDNV2MRY4CNKR65KKN5U46NDLL3VVAE","2022-01-19 16:20:07.000"
"EJGN54S3OSQXDX5NYOGYZBGLIZZEKQSROO3AXKX2WPJ2CRMAW57YMDXWWE",953,"ZNPBABY6ZPMZX4JNUPJU3BAV6UKIQKJPFUAJIJ7OTZT4XQUXWM4HPE4GTI","2022-01-19 16:21:21.000"
"XBOMMMEOIUWEOPDKT4T5AVZY7F52X25GVKW2B4COREGMNYCLQ2GHFOUOM4",3,"O6CDEA7NCJASQSYSAMLPGLICTTPP3BGVOCPYFGCFT54O4SCXGN3ULAOYPU","2022-01-19 16:26:58.000"
"TXY2RRX6I5INCDASONMXOK6CP7TH75F25TEMMFWJTMU4S2H2MO3MS537K4",11,"G4GQZ2GHZJ7UP6NRYBHZKNZILT47VIEBJ22E4NIPKHW67IWKYPG52AKHKI","2022-01-19 16:28:03.000"
"EJGN54S3OSQXDX5NYOGYZBGLIZZEKQSROO3AXKX2WPJ2CRMAW57YMDXWWE",11,"TXY2RRX6I5INCDASONMXOK6CP7TH75F25TEMMFWJTMU4S2H2MO3MS537K4","2022-01-19 16:28:03.000"
"XEBMDXC3RGM33FQUDKEPFLDRCP7LKRHVBQHMXS72TLNATUKCIDP7OT7HLE",2000,"PGBUQLYYAONZWNTJAGHJF52SQ6HRNTUHDI6LHZ5TONFD4KJGOQ6OGNOJSM","2022-01-19 16:31:46.000"
"EJGN54S3OSQXDX5NYOGYZBGLIZZEKQSROO3AXKX2WPJ2CRMAW57YMDXWWE",2000,"XEBMDXC3RGM33FQUDKEPFLDRCP7LKRHVBQHMXS72TLNATUKCIDP7OT7HLE","2022-01-19 16:33:05.000"
"OJGTHEJ2O5NXN7FVXDZZEEJTUEQHHCIYIE5MWY6BEFVVLZ2KANJODBOKGA",0,"LV4IVIPK25XG3U7OPAZCX3S2YRZSBZC6N45T7MHFIYZDCKRWSOOEPUO7PQ","2022-01-19 16:34:33.000"
"EJGN54S3OSQXDX5NYOGYZBGLIZZEKQSROO3AXKX2WPJ2CRMAW57YMDXWWE",222,"ZCHQ45UT7HRIHRXSAGA4CSM3LS6D5XYRRLKIR22CC52AXH3JXCRNDVKAJA","2022-01-19 16:34:59.000"
"EJGN54S3OSQXDX5NYOGYZBGLIZZEKQSROO3AXKX2WPJ2CRMAW57YMDXWWE",954,"3TWTLIMYHCZ3S2I47BNUVCVN4OG2K7ROU3VMZWLNQ64LO2TAHUO6YO52CU","2022-01-19 16:37:49.000"
"PQX64THYUUQMWCBOYANJWTKDESTN7W2FO6RM26KNHPCHDET3IN4EJUDWTI",0,"PQX64THYUUQMWCBOYANJWTKDESTN7W2FO6RM26KNHPCHDET3IN4EJUDWTI","2022-01-19 16:38:03.000"
"64YVCCLY6MSWRPO4G64EFO56HKC2DDB6NDKNKORWH3DB6TBTEGSA75GRIQ",285,"QB6DDIHXYITH657WWJRWEQCGK44DGKCGLIV33PGEZBC24HRCQ2O3RYORTA","2022-01-19 16:43:30.000"
"WJZGLFM2G5BH3PW5IY2KM3WEVLPPXRKKSU3LZLQBBADSFUP6P63DNPYEUQ",0,"WJZGLFM2G5BH3PW5IY2KM3WEVLPPXRKKSU3LZLQBBADSFUP6P63DNPYEUQ","2022-01-19 16:43:48.000"
"RBMLKDYROTSIRB4HJTUBI5HIOE56G3T4OTLFLFBHZARB2VOLMJJ6N3VUIY",94,"EJGN54S3OSQXDX5NYOGYZBGLIZZEKQSROO3AXKX2WPJ2CRMAW57YMDXWWE","2022-01-19 16:43:52.000"
"IIUGU3PP5Y3OWW2FWXVW6KRRKWSTQ2YUL76LH4DYSFYA2R7ARP5O5Y6WIQ",1099,"YDJ2VGN2YP2EFXMIKWLJRIKWHDKYJRD7RRH7GN5AD22F6EEP2YG4B5DZYE","2022-01-19 16:45:29.000"
"Y6M3W2NZAQPNWJYRWAM76QRJGF5G5E3R5BJXSIOWO2XWRJOWNJUH5RQOZA",2350,"DFPUWDWVTFVZ7SM4M3K7VSXQRWLKL77IZ64ZT4NISFAVU34VCISSD3NIFE","2022-01-19 16:47:27.000"
"EJGN54S3OSQXDX5NYOGYZBGLIZZEKQSROO3AXKX2WPJ2CRMAW57YMDXWWE",2000,"ZONC46R2FQ3B23WYWELRMZQM7F6XBKZ6FYXQIWHQM4SLSF7IWG6OITQSJU","2022-01-19 16:50:22.000"
"TXY2RRX6I5INCDASONMXOK6CP7TH75F25TEMMFWJTMU4S2H2MO3MS537K4",162,"EJGN54S3OSQXDX5NYOGYZBGLIZZEKQSROO3AXKX2WPJ2CRMAW57YMDXWWE","2022-01-19 16:50:22.000"
"O6CDEA7NCJASQSYSAMLPGLICTTPP3BGVOCPYFGCFT54O4SCXGN3ULAOYPU",162,"TXY2RRX6I5INCDASONMXOK6CP7TH75F25TEMMFWJTMU4S2H2MO3MS537K4","2022-01-19 16:50:22.000"
"VEB4NATE3PMA5K25TU42QTWKZQQUECWNCDMJV67526WSWDZYKNGGVKZYUI",0,"VEB4NATE3PMA5K25TU42QTWKZQQUECWNCDMJV67526WSWDZYKNGGVKZYUI","2022-01-19 16:50:26.000"
"GDUVISPFSIPPUUYTHZKLJ3BXSKN4XX6MHHKVINNL3G7N7EIAY6USO7L3DQ",600,"EJGN54S3OSQXDX5NYOGYZBGLIZZEKQSROO3AXKX2WPJ2CRMAW57YMDXWWE","2022-01-19 16:51:54.000"
"YDJ2VGN2YP2EFXMIKWLJRIKWHDKYJRD7RRH7GN5AD22F6EEP2YG4B5DZYE",1099,"IIUGU3PP5Y3OWW2FWXVW6KRRKWSTQ2YUL76LH4DYSFYA2R7ARP5O5Y6WIQ","2022-01-19 16:51:58.000"
"OJGTHEJ2O5NXN7FVXDZZEEJTUEQHHCIYIE5MWY6BEFVVLZ2KANJODBOKGA",0,"IIUGU3PP5Y3OWW2FWXVW6KRRKWSTQ2YUL76LH4DYSFYA2R7ARP5O5Y6WIQ","2022-01-19 16:52:55.000"
"GDUVISPFSIPPUUYTHZKLJ3BXSKN4XX6MHHKVINNL3G7N7EIAY6USO7L3DQ",800,"EJGN54S3OSQXDX5NYOGYZBGLIZZEKQSROO3AXKX2WPJ2CRMAW57YMDXWWE","2022-01-19 16:53:04.000"
"FCEVZ36JNJWDLQPO26KDCQCFTRF5DACHYZ4A4532CAYOQXKLDI4SVMXYZI",109,"O6CDEA7NCJASQSYSAMLPGLICTTPP3BGVOCPYFGCFT54O4SCXGN3ULAOYPU","2022-01-19 16:53:04.000"
"EJGN54S3OSQXDX5NYOGYZBGLIZZEKQSROO3AXKX2WPJ2CRMAW57YMDXWWE",109,"FCEVZ36JNJWDLQPO26KDCQCFTRF5DACHYZ4A4532CAYOQXKLDI4SVMXYZI","2022-01-19 16:53:04.000"
"EXTP5V24TBT6UJWM7LPZEHSJSTAIYMUXQ556C52PNZJ6WCGHRA4JCS2NW4",1000,"EJGN54S3OSQXDX5NYOGYZBGLIZZEKQSROO3AXKX2WPJ2CRMAW57YMDXWWE","2022-01-19 16:54:36.000"
"FCEVZ36JNJWDLQPO26KDCQCFTRF5DACHYZ4A4532CAYOQXKLDI4SVMXYZI",103,"O6CDEA7NCJASQSYSAMLPGLICTTPP3BGVOCPYFGCFT54O4SCXGN3ULAOYPU","2022-01-19 16:54:36.000"
"EJGN54S3OSQXDX5NYOGYZBGLIZZEKQSROO3AXKX2WPJ2CRMAW57YMDXWWE",103,"FCEVZ36JNJWDLQPO26KDCQCFTRF5DACHYZ4A4532CAYOQXKLDI4SVMXYZI","2022-01-19 16:54:36.000"
"OJGTHEJ2O5NXN7FVXDZZEEJTUEQHHCIYIE5MWY6BEFVVLZ2KANJODBOKGA",0,"WLD4ENPAE3RX7V4I7WK5VORCUYFTJOY7Q3PWDRRIHTSG5SR4EYITDLKLII","2022-01-19 16:55:19.000"
"EJGN54S3OSQXDX5NYOGYZBGLIZZEKQSROO3AXKX2WPJ2CRMAW57YMDXWWE",1400,"GDUVISPFSIPPUUYTHZKLJ3BXSKN4XX6MHHKVINNL3G7N7EIAY6USO7L3DQ","2022-01-19 16:55:54.000"
"EJGN54S3OSQXDX5NYOGYZBGLIZZEKQSROO3AXKX2WPJ2CRMAW57YMDXWWE",612,"3SR4ZJPLO3JIDHQ6TH7PHZY64YB2ORE5BKTBTQ3WEFK2BOPJPHXM5DTTYY","2022-01-19 16:57:00.000"
"EJGN54S3OSQXDX5NYOGYZBGLIZZEKQSROO3AXKX2WPJ2CRMAW57YMDXWWE",6,"6RJQG46ILLT2XBRFQE62QCQRKB3JI65RIEW7UTT76DNBRZI2TONGX3PZ4A","2022-01-19 16:58:10.000"
"EJGN54S3OSQXDX5NYOGYZBGLIZZEKQSROO3AXKX2WPJ2CRMAW57YMDXWWE",1000,"ZONC46R2FQ3B23WYWELRMZQM7F6XBKZ6FYXQIWHQM4SLSF7IWG6OITQSJU","2022-01-19 17:02:44.000"
"FCEVZ36JNJWDLQPO26KDCQCFTRF5DACHYZ4A4532CAYOQXKLDI4SVMXYZI",127,"EJGN54S3OSQXDX5NYOGYZBGLIZZEKQSROO3AXKX2WPJ2CRMAW57YMDXWWE","2022-01-19 17:02:44.000"
"O6CDEA7NCJASQSYSAMLPGLICTTPP3BGVOCPYFGCFT54O4SCXGN3ULAOYPU",127,"FCEVZ36JNJWDLQPO26KDCQCFTRF5DACHYZ4A4532CAYOQXKLDI4SVMXYZI","2022-01-19 17:02:44.000"
"VEB4NATE3PMA5K25TU42QTWKZQQUECWNCDMJV67526WSWDZYKNGGVKZYUI",15,"O6CDEA7NCJASQSYSAMLPGLICTTPP3BGVOCPYFGCFT54O4SCXGN3ULAOYPU","2022-01-19 17:03:46.000"
"VEB4NATE3PMA5K25TU42QTWKZQQUECWNCDMJV67526WSWDZYKNGGVKZYUI",4,"O6CDEA7NCJASQSYSAMLPGLICTTPP3BGVOCPYFGCFT54O4SCXGN3ULAOYPU","2022-01-19 17:03:54.000"
"EJGN54S3OSQXDX5NYOGYZBGLIZZEKQSROO3AXKX2WPJ2CRMAW57YMDXWWE",16,"ACACDWN6IXI2V7WNHBX6FDOPH2VFEHPFWS63WUOI73R7KWITKJSQCZMQMA","2022-01-19 17:06:01.000"
"LFUEJPHKNJ6YBYWRKF43G4YKPTUEZVZQBIKVACG2XIDXGXUSNWMRIMRTNU",0,"LFUEJPHKNJ6YBYWRKF43G4YKPTUEZVZQBIKVACG2XIDXGXUSNWMRIMRTNU","2022-01-19 17:08:47.000"
"LOPQM2TG2436P4F5G27RR62HTU646KBE2O6VFCWCK34IB5LM2WHE3OHFRU",5,"O6CDEA7NCJASQSYSAMLPGLICTTPP3BGVOCPYFGCFT54O4SCXGN3ULAOYPU","2022-01-19 17:14:16.000"
"FCEVZ36JNJWDLQPO26KDCQCFTRF5DACHYZ4A4532CAYOQXKLDI4SVMXYZI",10,"G4GQZ2GHZJ7UP6NRYBHZKNZILT47VIEBJ22E4NIPKHW67IWKYPG52AKHKI","2022-01-19 17:16:18.000"
"O6CDEA7NCJASQSYSAMLPGLICTTPP3BGVOCPYFGCFT54O4SCXGN3ULAOYPU",10,"FCEVZ36JNJWDLQPO26KDCQCFTRF5DACHYZ4A4532CAYOQXKLDI4SVMXYZI","2022-01-19 17:16:18.000"
"CAYPUTP63XAINLTARIXEL5IAVKZU3ALKE33MTP7662B6BFQMCEJISN4GZA",99,"EJGN54S3OSQXDX5NYOGYZBGLIZZEKQSROO3AXKX2WPJ2CRMAW57YMDXWWE","2022-01-19 17:18:07.000"
"EXTP5V24TBT6UJWM7LPZEHSJSTAIYMUXQ556C52PNZJ6WCGHRA4JCS2NW4",1000,"EJGN54S3OSQXDX5NYOGYZBGLIZZEKQSROO3AXKX2WPJ2CRMAW57YMDXWWE","2022-01-19 17:20:09.000"
"TMO6J5JMFAPNQS34UQU7SHTRYK2RX4QDQIE73MHYF3HFAGC3NV6W3AHGMQ",94,"EJGN54S3OSQXDX5NYOGYZBGLIZZEKQSROO3AXKX2WPJ2CRMAW57YMDXWWE","2022-01-19 17:20:48.000"
"FCEVZ36JNJWDLQPO26KDCQCFTRF5DACHYZ4A4532CAYOQXKLDI4SVMXYZI",77,"O6CDEA7NCJASQSYSAMLPGLICTTPP3BGVOCPYFGCFT54O4SCXGN3ULAOYPU","2022-01-19 17:20:48.000"
"EJGN54S3OSQXDX5NYOGYZBGLIZZEKQSROO3AXKX2WPJ2CRMAW57YMDXWWE",77,"FCEVZ36JNJWDLQPO26KDCQCFTRF5DACHYZ4A4532CAYOQXKLDI4SVMXYZI","2022-01-19 17:20:48.000"
"EJGN54S3OSQXDX5NYOGYZBGLIZZEKQSROO3AXKX2WPJ2CRMAW57YMDXWWE",16000,"FQHAUG64EK46X372QWLP6YH56JYL5G3TSFIVYSERDVJQL6Z7LCZCKV3S7A","2022-01-19 17:21:10.000"
"BHSNBOUZB2ETZPVBPBJCEXYS7HNRDD3U6JODCMALU2CAUATINAALGIQZRE",0,"BHSNBOUZB2ETZPVBPBJCEXYS7HNRDD3U6JODCMALU2CAUATINAALGIQZRE","2022-01-19 17:22:56.000"
"BHSNBOUZB2ETZPVBPBJCEXYS7HNRDD3U6JODCMALU2CAUATINAALGIQZRE",56,"EJGN54S3OSQXDX5NYOGYZBGLIZZEKQSROO3AXKX2WPJ2CRMAW57YMDXWWE","2022-01-19 17:23:39.000"
"NT32NBP3JHQ2QOULCQ4Q34DU2CKUFU6OQBWWOFWJQXR3MYGRE2COUJ36RY",94,"TMO6J5JMFAPNQS34UQU7SHTRYK2RX4QDQIE73MHYF3HFAGC3NV6W3AHGMQ","2022-01-19 17:24:10.000"
"EJGN54S3OSQXDX5NYOGYZBGLIZZEKQSROO3AXKX2WPJ2CRMAW57YMDXWWE",100,"ZCHQ45UT7HRIHRXSAGA4CSM3LS6D5XYRRLKIR22CC52AXH3JXCRNDVKAJA","2022-01-19 17:26:18.000"
"QQNDQBZ3G7XCMAP5UYTZFSKQLTEJ5V2LI4C4YKPNJERWP4WWNM7P35RVOY",0,"QQNDQBZ3G7XCMAP5UYTZFSKQLTEJ5V2LI4C4YKPNJERWP4WWNM7P35RVOY","2022-01-19 17:28:03.000"
"QQNDQBZ3G7XCMAP5UYTZFSKQLTEJ5V2LI4C4YKPNJERWP4WWNM7P35RVOY",100,"EJGN54S3OSQXDX5NYOGYZBGLIZZEKQSROO3AXKX2WPJ2CRMAW57YMDXWWE","2022-01-19 17:28:29.000"
"EXTP5V24TBT6UJWM7LPZEHSJSTAIYMUXQ556C52PNZJ6WCGHRA4JCS2NW4",1000,"EJGN54S3OSQXDX5NYOGYZBGLIZZEKQSROO3AXKX2WPJ2CRMAW57YMDXWWE","2022-01-19 17:34:21.000"
"FCEVZ36JNJWDLQPO26KDCQCFTRF5DACHYZ4A4532CAYOQXKLDI4SVMXYZI",83,"O6CDEA7NCJASQSYSAMLPGLICTTPP3BGVOCPYFGCFT54O4SCXGN3ULAOYPU","2022-01-19 17:34:21.000"
"EJGN54S3OSQXDX5NYOGYZBGLIZZEKQSROO3AXKX2WPJ2CRMAW57YMDXWWE",83,"FCEVZ36JNJWDLQPO26KDCQCFTRF5DACHYZ4A4532CAYOQXKLDI4SVMXYZI","2022-01-19 17:34:21.000"
"KUUCI6LKJPHUHHZX2H5VZIHHI3FCVHSN27ZNVNFIMZUU7XGJMRZFBJCT64",0,"LRXCGQ6W5UTW25UFPBRVWF37XESWONLN24WCKCGGNDSWEL4R4KFP5QL7EM","2022-01-19 17:39:55.000"
"KUUCI6LKJPHUHHZX2H5VZIHHI3FCVHSN27ZNVNFIMZUU7XGJMRZFBJCT64",440,"AWAKENVP7DI2D7GJ6OBEJCYTKNLSWOTM3C5GZGWMW7EWFW226YHYM2EUUI","2022-01-19 17:40:12.000"
"EJGN54S3OSQXDX5NYOGYZBGLIZZEKQSROO3AXKX2WPJ2CRMAW57YMDXWWE",1295,"KUUCI6LKJPHUHHZX2H5VZIHHI3FCVHSN27ZNVNFIMZUU7XGJMRZFBJCT64","2022-01-19 17:40:56.000"
"EJGN54S3OSQXDX5NYOGYZBGLIZZEKQSROO3AXKX2WPJ2CRMAW57YMDXWWE",301,"IGVL4J2DXQRR5TEVUXUUWPFOLNVNZF7QW3TZJLDU6QNF7XMFM3OJ3VIROA","2022-01-19 17:45:50.000"
"FCEVZ36JNJWDLQPO26KDCQCFTRF5DACHYZ4A4532CAYOQXKLDI4SVMXYZI",83,"EJGN54S3OSQXDX5NYOGYZBGLIZZEKQSROO3AXKX2WPJ2CRMAW57YMDXWWE","2022-01-19 17:45:50.000"
"O6CDEA7NCJASQSYSAMLPGLICTTPP3BGVOCPYFGCFT54O4SCXGN3ULAOYPU",83,"FCEVZ36JNJWDLQPO26KDCQCFTRF5DACHYZ4A4532CAYOQXKLDI4SVMXYZI","2022-01-19 17:45:50.000"
"EXTP5V24TBT6UJWM7LPZEHSJSTAIYMUXQ556C52PNZJ6WCGHRA4JCS2NW4",7107,"EWPCRODLVOIJVI562M5DVNXFNJNTIYRRJLCIE6WITKUKX5ADKHD3HKAZ3I","2022-01-19 17:45:55.000"
"4V6ZAOS7HH5MIBQILSCVXUZJIKQB5MKTXP73YNB5E2UNWYRHETEBYNZXOM",96,"7Q5H6XOE6W5JL2CQYEIIHPQEAS5HMW6U6ZK5BBHNHHXBTM2KMLTDGHK5JA","2022-01-19 17:46:03.000"
"EXTP5V24TBT6UJWM7LPZEHSJSTAIYMUXQ556C52PNZJ6WCGHRA4JCS2NW4",10763,"EP277NP34WTELYAWMS6OODG43JNDQXUAA44QAUT53ZAN64FEI6BGDZA3OY","2022-01-19 17:46:52.000"
"4V6ZAOS7HH5MIBQILSCVXUZJIKQB5MKTXP73YNB5E2UNWYRHETEBYNZXOM",96,"2LP6UQ7KVOJ7OC4G65OS2ZGOLGJVY6UN7DV2VEBOHXUPDFQYJCDVAJKMWI","2022-01-19 17:47:53.000"
"4V6ZAOS7HH5MIBQILSCVXUZJIKQB5MKTXP73YNB5E2UNWYRHETEBYNZXOM",96,"CSVRK3I22F32QAXQORUGAP2AFHCZJRHSOQ5DKX3SXFNTG6ONF3Q3SBBXOM","2022-01-19 17:48:32.000"
"4V6ZAOS7HH5MIBQILSCVXUZJIKQB5MKTXP73YNB5E2UNWYRHETEBYNZXOM",96,"POCETZELWSZID3343NMTAEPMI2BR4LPUL5CAIK4W42IFVJ5WVS5GD7AASI","2022-01-19 17:49:43.000"
"4V6ZAOS7HH5MIBQILSCVXUZJIKQB5MKTXP73YNB5E2UNWYRHETEBYNZXOM",96,"XZOJE3XQFUUE2KCYTHF5JQE57FPHFGDCREXXZ4BIS6H5X4HRU6N4RY7PAY","2022-01-19 17:50:48.000"
"4V6ZAOS7HH5MIBQILSCVXUZJIKQB5MKTXP73YNB5E2UNWYRHETEBYNZXOM",48,"Q5FU4QBWIZ7MQRR7WPZ325VN7G7K243MJNZ2MOD7YUM65F3J3PNBDJJUZA","2022-01-19 17:51:15.000"
"EXTP5V24TBT6UJWM7LPZEHSJSTAIYMUXQ556C52PNZJ6WCGHRA4JCS2NW4",1000,"EJGN54S3OSQXDX5NYOGYZBGLIZZEKQSROO3AXKX2WPJ2CRMAW57YMDXWWE","2022-01-19 17:51:28.000"
"XV2DDBURQ4TQIYGUC6AQQLXLCVIEAUP62H25MCKC4F6S76Z3GF62WRDYMI",3,"O6CDEA7NCJASQSYSAMLPGLICTTPP3BGVOCPYFGCFT54O4SCXGN3ULAOYPU","2022-01-19 17:51:28.000"
"4V6ZAOS7HH5MIBQILSCVXUZJIKQB5MKTXP73YNB5E2UNWYRHETEBYNZXOM",48,"LNOMRVLGSXAJ2ZI2LF3UWL3FYRJFMV5QOCRXSM5Z2N3H4DVOPSBBN6ZMXA","2022-01-19 17:51:54.000"
"4V6ZAOS7HH5MIBQILSCVXUZJIKQB5MKTXP73YNB5E2UNWYRHETEBYNZXOM",64,"UPCV4SVMYOVXHGQEVVLOJGHIENDGLCW7LJZSWCD7VCMUUEFHFC6IFQ7ZFU","2022-01-19 17:52:33.000"
"4V6ZAOS7HH5MIBQILSCVXUZJIKQB5MKTXP73YNB5E2UNWYRHETEBYNZXOM",96,"T5DUWGG7DSVISPFNB5FDE5WSUUD2UROYQWRVPPQE23LKUOOTDHG5OTZHNA","2022-01-19 17:53:04.000"
"4V6ZAOS7HH5MIBQILSCVXUZJIKQB5MKTXP73YNB5E2UNWYRHETEBYNZXOM",48,"KXA5XSHVYENYJPXNW23CGNQXQ56HAEHDZ3VEOFNARBJIKI6K6JLTLGVDTI","2022-01-19 17:53:17.000"
"EXTP5V24TBT6UJWM7LPZEHSJSTAIYMUXQ556C52PNZJ6WCGHRA4JCS2NW4",1000,"EJGN54S3OSQXDX5NYOGYZBGLIZZEKQSROO3AXKX2WPJ2CRMAW57YMDXWWE","2022-01-19 17:54:44.000"
"TXY2RRX6I5INCDASONMXOK6CP7TH75F25TEMMFWJTMU4S2H2MO3MS537K4",113,"O6CDEA7NCJASQSYSAMLPGLICTTPP3BGVOCPYFGCFT54O4SCXGN3ULAOYPU","2022-01-19 17:54:44.000"
"EJGN54S3OSQXDX5NYOGYZBGLIZZEKQSROO3AXKX2WPJ2CRMAW57YMDXWWE",113,"TXY2RRX6I5INCDASONMXOK6CP7TH75F25TEMMFWJTMU4S2H2MO3MS537K4","2022-01-19 17:54:44.000"
"EJGN54S3OSQXDX5NYOGYZBGLIZZEKQSROO3AXKX2WPJ2CRMAW57YMDXWWE",2881,"WAEK73OJ32OXNPFTQN4CWIQ62UGJXMX4Z6746BNGZOGR4EZUNGTPYQTPFI","2022-01-19 17:59:29.000"
"EJGN54S3OSQXDX5NYOGYZBGLIZZEKQSROO3AXKX2WPJ2CRMAW57YMDXWWE",501,"73PMAY4IGHR4C4FEVF7Y4IGQZQWXEXAWZH6VDMC5EG4FZXCLEPABNK4DVA","2022-01-19 18:01:27.000"
"KFWMLQDDHYQV4B23EU6ZWIDECDPMNI6DUJ54SNGTD6EWNFXIYOFOMVSBXI",0,"KFWMLQDDHYQV4B23EU6ZWIDECDPMNI6DUJ54SNGTD6EWNFXIYOFOMVSBXI","2022-01-19 18:08:05.000"
"KFWMLQDDHYQV4B23EU6ZWIDECDPMNI6DUJ54SNGTD6EWNFXIYOFOMVSBXI",100,"EJGN54S3OSQXDX5NYOGYZBGLIZZEKQSROO3AXKX2WPJ2CRMAW57YMDXWWE","2022-01-19 18:08:31.000"
"EJGN54S3OSQXDX5NYOGYZBGLIZZEKQSROO3AXKX2WPJ2CRMAW57YMDXWWE",400,"MDCQVHQHVI7VJCCNX4SBPCLHTYKPNEDTEPC4AZN5WG4PVIU755SKMRNYIQ","2022-01-19 18:13:51.000"
"EJGN54S3OSQXDX5NYOGYZBGLIZZEKQSROO3AXKX2WPJ2CRMAW57YMDXWWE",591,"MDCQVHQHVI7VJCCNX4SBPCLHTYKPNEDTEPC4AZN5WG4PVIU755SKMRNYIQ","2022-01-19 18:18:28.000"
"XYYL3VGJPCH2AEWOHQQBOPTCS2VO2JIMELFYM7QOW2LFV2VRF6425JKRYA",36,"EJGN54S3OSQXDX5NYOGYZBGLIZZEKQSROO3AXKX2WPJ2CRMAW57YMDXWWE","2022-01-19 18:24:18.000"
"EJGN54S3OSQXDX5NYOGYZBGLIZZEKQSROO3AXKX2WPJ2CRMAW57YMDXWWE",241,"SWLSJSNXVYV3VTHHIBC2OFOK5IVCCPVYPLTZAMAXZ2AUY64OU3NKVPFWRI","2022-01-19 18:25:28.000"
"TXY2RRX6I5INCDASONMXOK6CP7TH75F25TEMMFWJTMU4S2H2MO3MS537K4",8,"EJGN54S3OSQXDX5NYOGYZBGLIZZEKQSROO3AXKX2WPJ2CRMAW57YMDXWWE","2022-01-19 18:26:04.000"
"G4GQZ2GHZJ7UP6NRYBHZKNZILT47VIEBJ22E4NIPKHW67IWKYPG52AKHKI",8,"TXY2RRX6I5INCDASONMXOK6CP7TH75F25TEMMFWJTMU4S2H2MO3MS537K4","2022-01-19 18:26:04.000"
"ZAU4Z2F6YVEG3BHQTEH5X7ZP36FIHT66NMY3PNRGKWL4JFHGDHWMQXGFHA",176,"EJGN54S3OSQXDX5NYOGYZBGLIZZEKQSROO3AXKX2WPJ2CRMAW57YMDXWWE","2022-01-19 18:27:48.000"
"VOBPZLUVIMQ3P7VFBENWGS2YEPNMMPMCW4GETSFGEHICGSMB4K4RD4TWKU",0,"VOBPZLUVIMQ3P7VFBENWGS2YEPNMMPMCW4GETSFGEHICGSMB4K4RD4TWKU","2022-01-19 18:28:01.000"
"OJGTHEJ2O5NXN7FVXDZZEEJTUEQHHCIYIE5MWY6BEFVVLZ2KANJODBOKGA",0,"GRG3NL75EQDCJ6KD7ORD5VG22ZYFZGDMYLBPDZGS5AMCZRX73NXEZPWOOE","2022-01-19 18:28:14.000"
"EJGN54S3OSQXDX5NYOGYZBGLIZZEKQSROO3AXKX2WPJ2CRMAW57YMDXWWE",232,"WVFEHWZOK6Z6GP34CKOCSNSQFS3F6JLOP676FYTK5M4SRGZ3ZVWFCDPES4","2022-01-19 18:31:53.000"
"EJGN54S3OSQXDX5NYOGYZBGLIZZEKQSROO3AXKX2WPJ2CRMAW57YMDXWWE",450,"AABAXGD66PJJMQQOO3SUZK3VS3QEXK5PF5AZOOT72TCB75LBCS4R2RYZO4","2022-01-19 18:33:52.000"
"TXY2RRX6I5INCDASONMXOK6CP7TH75F25TEMMFWJTMU4S2H2MO3MS537K4",70,"EJGN54S3OSQXDX5NYOGYZBGLIZZEKQSROO3AXKX2WPJ2CRMAW57YMDXWWE","2022-01-19 18:33:52.000"
"O6CDEA7NCJASQSYSAMLPGLICTTPP3BGVOCPYFGCFT54O4SCXGN3ULAOYPU",70,"TXY2RRX6I5INCDASONMXOK6CP7TH75F25TEMMFWJTMU4S2H2MO3MS537K4","2022-01-19 18:33:52.000"
"EJGN54S3OSQXDX5NYOGYZBGLIZZEKQSROO3AXKX2WPJ2CRMAW57YMDXWWE",378,"AABAXGD66PJJMQQOO3SUZK3VS3QEXK5PF5AZOOT72TCB75LBCS4R2RYZO4","2022-01-19 18:37:09.000"
"EJGN54S3OSQXDX5NYOGYZBGLIZZEKQSROO3AXKX2WPJ2CRMAW57YMDXWWE",9,"MDCQVHQHVI7VJCCNX4SBPCLHTYKPNEDTEPC4AZN5WG4PVIU755SKMRNYIQ","2022-01-19 18:38:54.000"
"EJGN54S3OSQXDX5NYOGYZBGLIZZEKQSROO3AXKX2WPJ2CRMAW57YMDXWWE",750,"ZONC46R2FQ3B23WYWELRMZQM7F6XBKZ6FYXQIWHQM4SLSF7IWG6OITQSJU","2022-01-19 18:40:13.000"
"EJGN54S3OSQXDX5NYOGYZBGLIZZEKQSROO3AXKX2WPJ2CRMAW57YMDXWWE",44,"SX7NPBZ7N4FOW4KLLTK5LDUL6EWHVAP5CQPSXBDBJYBEXUEWUPGZW2EVJ4","2022-01-19 18:42:42.000"
"EJGN54S3OSQXDX5NYOGYZBGLIZZEKQSROO3AXKX2WPJ2CRMAW57YMDXWWE",806,"MDCQVHQHVI7VJCCNX4SBPCLHTYKPNEDTEPC4AZN5WG4PVIU755SKMRNYIQ","2022-01-19 18:47:18.000"
"HBHQ5ST73DWZ6Y3QBHJ3EJCCJV3DHIRSV6UPPKPHZP2QVPEU2QIWMZCRSA",99,"EJGN54S3OSQXDX5NYOGYZBGLIZZEKQSROO3AXKX2WPJ2CRMAW57YMDXWWE","2022-01-19 18:51:01.000"
"OJGTHEJ2O5NXN7FVXDZZEEJTUEQHHCIYIE5MWY6BEFVVLZ2KANJODBOKGA",0,"SX7NPBZ7N4FOW4KLLTK5LDUL6EWHVAP5CQPSXBDBJYBEXUEWUPGZW2EVJ4","2022-01-19 18:51:49.000"
"OJGTHEJ2O5NXN7FVXDZZEEJTUEQHHCIYIE5MWY6BEFVVLZ2KANJODBOKGA",0,"LINFS6EBSTMSKGQUL2DDP436WBLFLKCMVKX757S3IZITENRFPWPDXGISBM","2022-01-19 18:55:19.000"
"FCEVZ36JNJWDLQPO26KDCQCFTRF5DACHYZ4A4532CAYOQXKLDI4SVMXYZI",102,"EJGN54S3OSQXDX5NYOGYZBGLIZZEKQSROO3AXKX2WPJ2CRMAW57YMDXWWE","2022-01-19 18:55:59.000"
"O6CDEA7NCJASQSYSAMLPGLICTTPP3BGVOCPYFGCFT54O4SCXGN3ULAOYPU",102,"FCEVZ36JNJWDLQPO26KDCQCFTRF5DACHYZ4A4532CAYOQXKLDI4SVMXYZI","2022-01-19 18:55:59.000"
"OJGTHEJ2O5NXN7FVXDZZEEJTUEQHHCIYIE5MWY6BEFVVLZ2KANJODBOKGA",0,"7MXQCFE5U6V7SNBHSNBFSWO2G2Y5VCK3N5SFHZAQPAKO7RGQBE7UHSB2GI","2022-01-19 19:07:37.000"
"E54TD2XRTLJE4HY44S222CF7BKBBWF77JQNZKMXO2BDI4VFJKMDDIBGIIA",0,"E54TD2XRTLJE4HY44S222CF7BKBBWF77JQNZKMXO2BDI4VFJKMDDIBGIIA","2022-01-19 19:14:15.000"
"EJGN54S3OSQXDX5NYOGYZBGLIZZEKQSROO3AXKX2WPJ2CRMAW57YMDXWWE",1504,"ZKT77BRURE6BO27V6ERF2T3FU4KVQN2F2OOF5LZUKDU3XLCUHW2QY7H2EA","2022-01-19 19:16:35.000"
"THB3Z665LSOT2FCFF5Q3NGHQC2O3LGF6T5LPOLCNDOZWFIK6QHZNKQ6FHI",0,"THB3Z665LSOT2FCFF5Q3NGHQC2O3LGF6T5LPOLCNDOZWFIK6QHZNKQ6FHI","2022-01-19 19:22:56.000"
"THB3Z665LSOT2FCFF5Q3NGHQC2O3LGF6T5LPOLCNDOZWFIK6QHZNKQ6FHI",1818,"EJGN54S3OSQXDX5NYOGYZBGLIZZEKQSROO3AXKX2WPJ2CRMAW57YMDXWWE","2022-01-19 19:23:44.000"
"FCEVZ36JNJWDLQPO26KDCQCFTRF5DACHYZ4A4532CAYOQXKLDI4SVMXYZI",94,"O6CDEA7NCJASQSYSAMLPGLICTTPP3BGVOCPYFGCFT54O4SCXGN3ULAOYPU","2022-01-19 19:23:44.000"
"EJGN54S3OSQXDX5NYOGYZBGLIZZEKQSROO3AXKX2WPJ2CRMAW57YMDXWWE",94,"FCEVZ36JNJWDLQPO26KDCQCFTRF5DACHYZ4A4532CAYOQXKLDI4SVMXYZI","2022-01-19 19:23:44.000"
"THB3Z665LSOT2FCFF5Q3NGHQC2O3LGF6T5LPOLCNDOZWFIK6QHZNKQ6FHI",95,"EJGN54S3OSQXDX5NYOGYZBGLIZZEKQSROO3AXKX2WPJ2CRMAW57YMDXWWE","2022-01-19 19:24:10.000"
"6ZKOBX6E5LU4QGG444QGQ2JQCLOM5GHCQ6WMAVZILJB3YJXIVMVIA3MOAU",0,"6ZKOBX6E5LU4QGG444QGQ2JQCLOM5GHCQ6WMAVZILJB3YJXIVMVIA3MOAU","2022-01-19 19:27:54.000"
"6ZKOBX6E5LU4QGG444QGQ2JQCLOM5GHCQ6WMAVZILJB3YJXIVMVIA3MOAU",185,"EJGN54S3OSQXDX5NYOGYZBGLIZZEKQSROO3AXKX2WPJ2CRMAW57YMDXWWE","2022-01-19 19:29:39.000"
"6FQIYT33QRV5AWGRL2D52G4GMMDSOHZ33DKCMAXIMEG74E2LZY2PJOBST4",1524,"RDY5VACU3QD3M2B5NC4RF3DIUTTZRCHQDJGMCYJPFJ266R5HWEOUFARUOU","2022-01-19 19:33:40.000"
"QZCXTJB2M7FFGJUOI4L6MPLEDIYWPI4UMIOQE47JPG7ZJ5BBWQFXIMGFDE",184,"EJGN54S3OSQXDX5NYOGYZBGLIZZEKQSROO3AXKX2WPJ2CRMAW57YMDXWWE","2022-01-19 19:34:50.000"
"EJGN54S3OSQXDX5NYOGYZBGLIZZEKQSROO3AXKX2WPJ2CRMAW57YMDXWWE",1524,"6FQIYT33QRV5AWGRL2D52G4GMMDSOHZ33DKCMAXIMEG74E2LZY2PJOBST4","2022-01-19 19:35:24.000"
"Y2MC3X35SXIUDPNZWI2IMXONG523PURPGFRSSAL4VI6XFE7NYYQPISTXP4",19,"EJGN54S3OSQXDX5NYOGYZBGLIZZEKQSROO3AXKX2WPJ2CRMAW57YMDXWWE","2022-01-19 19:36:56.000"
"Y2MC3X35SXIUDPNZWI2IMXONG523PURPGFRSSAL4VI6XFE7NYYQPISTXP4",19,"EJGN54S3OSQXDX5NYOGYZBGLIZZEKQSROO3AXKX2WPJ2CRMAW57YMDXWWE","2022-01-19 19:37:44.000"
"I5PTTSYBDDRWI4UJB3XG62ZKUZDPKADEW3REH5PBRQ654IE5XK3FNWJ7MM",0,"I5PTTSYBDDRWI4UJB3XG62ZKUZDPKADEW3REH5PBRQ654IE5XK3FNWJ7MM","2022-01-19 19:40:26.000"
"I5PTTSYBDDRWI4UJB3XG62ZKUZDPKADEW3REH5PBRQ654IE5XK3FNWJ7MM",20,"SJVFZXUQS6BDIJ27Z4N5HDUKJEFBJ75GCAZAL4NSEMV26KTXXQZX3U7WXU","2022-01-19 19:41:01.000"
"EJGN54S3OSQXDX5NYOGYZBGLIZZEKQSROO3AXKX2WPJ2CRMAW57YMDXWWE",20,"I5PTTSYBDDRWI4UJB3XG62ZKUZDPKADEW3REH5PBRQ654IE5XK3FNWJ7MM","2022-01-19 19:43:21.000"
"EJGN54S3OSQXDX5NYOGYZBGLIZZEKQSROO3AXKX2WPJ2CRMAW57YMDXWWE",25,"ENXHOSQAHP5XX4CH7D27CBR2UTYY37TKYMB7R7DQ4WIJOD2J7L2RC44Y6M","2022-01-19 19:43:47.000"
"I5PTTSYBDDRWI4UJB3XG62ZKUZDPKADEW3REH5PBRQ654IE5XK3FNWJ7MM",0,"I5PTTSYBDDRWI4UJB3XG62ZKUZDPKADEW3REH5PBRQ654IE5XK3FNWJ7MM","2022-01-19 19:44:18.000"
"Y2MC3X35SXIUDPNZWI2IMXONG523PURPGFRSSAL4VI6XFE7NYYQPISTXP4",192,"EJGN54S3OSQXDX5NYOGYZBGLIZZEKQSROO3AXKX2WPJ2CRMAW57YMDXWWE","2022-01-19 19:48:10.000"
"Y2MC3X35SXIUDPNZWI2IMXONG523PURPGFRSSAL4VI6XFE7NYYQPISTXP4",191,"EJGN54S3OSQXDX5NYOGYZBGLIZZEKQSROO3AXKX2WPJ2CRMAW57YMDXWWE","2022-01-19 19:48:58.000"
"Y2MC3X35SXIUDPNZWI2IMXONG523PURPGFRSSAL4VI6XFE7NYYQPISTXP4",190,"EJGN54S3OSQXDX5NYOGYZBGLIZZEKQSROO3AXKX2WPJ2CRMAW57YMDXWWE","2022-01-19 19:49:37.000"
"EJGN54S3OSQXDX5NYOGYZBGLIZZEKQSROO3AXKX2WPJ2CRMAW57YMDXWWE",100,"AABAXGD66PJJMQQOO3SUZK3VS3QEXK5PF5AZOOT72TCB75LBCS4R2RYZO4","2022-01-19 19:50:30.000"
"EJGN54S3OSQXDX5NYOGYZBGLIZZEKQSROO3AXKX2WPJ2CRMAW57YMDXWWE",611,"Y2MC3X35SXIUDPNZWI2IMXONG523PURPGFRSSAL4VI6XFE7NYYQPISTXP4","2022-01-19 19:50:52.000"
"EJGN54S3OSQXDX5NYOGYZBGLIZZEKQSROO3AXKX2WPJ2CRMAW57YMDXWWE",76324,"GLZOSBCVKCTMLOMDHQR2SEI6DCEJ4FJNU5QM4W523IVK33YMTF5TE3B5U4","2022-01-19 19:58:49.000"
"EJGN54S3OSQXDX5NYOGYZBGLIZZEKQSROO3AXKX2WPJ2CRMAW57YMDXWWE",2174,"TEIBK5FIV2KWJGEUXXCRMVNQGJFNMDP7ZQRR3IRS6VHWOXZYFU4YJD6FUA","2022-01-19 20:01:04.000"
"FCEVZ36JNJWDLQPO26KDCQCFTRF5DACHYZ4A4532CAYOQXKLDI4SVMXYZI",79,"EJGN54S3OSQXDX5NYOGYZBGLIZZEKQSROO3AXKX2WPJ2CRMAW57YMDXWWE","2022-01-19 20:01:04.000"
"O6CDEA7NCJASQSYSAMLPGLICTTPP3BGVOCPYFGCFT54O4SCXGN3ULAOYPU",79,"FCEVZ36JNJWDLQPO26KDCQCFTRF5DACHYZ4A4532CAYOQXKLDI4SVMXYZI","2022-01-19 20:01:04.000"
"EJGN54S3OSQXDX5NYOGYZBGLIZZEKQSROO3AXKX2WPJ2CRMAW57YMDXWWE",48,"QTPIHDCLIK47OCSERWDQ37XVBKMXHIERRQ3AJCICBXCAVB2QFVPDXBPLSQ","2022-01-19 20:03:42.000"
"OJGTHEJ2O5NXN7FVXDZZEEJTUEQHHCIYIE5MWY6BEFVVLZ2KANJODBOKGA",0,"CWUHJDR5IYJYTK6OCWN3DRBF5FG72OT5AKEHIHQYQR7VD7J2FZV6P7MA64","2022-01-19 20:06:59.000"
"CK7HVEQPMLQITAI4C6W2STI5G25DUNG4PZDEW2UN7AVH4I7JXCPTMWIDPI",331,"EJGN54S3OSQXDX5NYOGYZBGLIZZEKQSROO3AXKX2WPJ2CRMAW57YMDXWWE","2022-01-19 20:09:46.000"
"CK7HVEQPMLQITAI4C6W2STI5G25DUNG4PZDEW2UN7AVH4I7JXCPTMWIDPI",1,"EJGN54S3OSQXDX5NYOGYZBGLIZZEKQSROO3AXKX2WPJ2CRMAW57YMDXWWE","2022-01-19 20:10:30.000"
"LZEJHG7C3WAHQXUJQIDSR7TTV6PYJH535CHSPBMSUVBJM6TB4ZKVG742BE",1517,"O6CDEA7NCJASQSYSAMLPGLICTTPP3BGVOCPYFGCFT54O4SCXGN3ULAOYPU","2022-01-19 20:17:00.000"
"54NIA4XX75DFPNA2TA2GTRLUIL4BUKWFMWNEPX7HQFARLMPIQS6VQNBNFE",0,"54NIA4XX75DFPNA2TA2GTRLUIL4BUKWFMWNEPX7HQFARLMPIQS6VQNBNFE","2022-01-19 20:17:39.000"
"EJGN54S3OSQXDX5NYOGYZBGLIZZEKQSROO3AXKX2WPJ2CRMAW57YMDXWWE",293716,"LZEJHG7C3WAHQXUJQIDSR7TTV6PYJH535CHSPBMSUVBJM6TB4ZKVG742BE","2022-01-19 20:21:15.000"
"EJGN54S3OSQXDX5NYOGYZBGLIZZEKQSROO3AXKX2WPJ2CRMAW57YMDXWWE",1120,"P67CB6ITNHGURTQGWT2USF5VVDVQE6AJQ3X24USE3QG5KECZUHSW4FCZFM","2022-01-19 20:24:09.000"
"TO5UD6376AOZUA74EPRTJTYGSOM4DJUJ643IPSBU4UZNY4LGVIVGEGV5QE",19,"EJGN54S3OSQXDX5NYOGYZBGLIZZEKQSROO3AXKX2WPJ2CRMAW57YMDXWWE","2022-01-19 20:24:36.000"
"EJGN54S3OSQXDX5NYOGYZBGLIZZEKQSROO3AXKX2WPJ2CRMAW57YMDXWWE",100,"ZWX6MDHX5TE7PUWM5TVJ243AE3K45XE5C4WCQCYCEYY5ZV5PPJBYEDREN4","2022-01-19 20:25:55.000"
"EJGN54S3OSQXDX5NYOGYZBGLIZZEKQSROO3AXKX2WPJ2CRMAW57YMDXWWE",2363,"LV7EQBZHPJ66XLAVYLKXVNUTIPUMMQS3JEEION4IRNIWYJDBSXXIUG23KM","2022-01-19 20:26:21.000"
"3OAWVRYWJ5IWPDB3RRCYQAYDLIP4DJ7O3AAC5HOVADDAHSRPNJFHJSL7DY",470,"EJGN54S3OSQXDX5NYOGYZBGLIZZEKQSROO3AXKX2WPJ2CRMAW57YMDXWWE","2022-01-19 20:28:32.000"
"3OAWVRYWJ5IWPDB3RRCYQAYDLIP4DJ7O3AAC5HOVADDAHSRPNJFHJSL7DY",2,"EJGN54S3OSQXDX5NYOGYZBGLIZZEKQSROO3AXKX2WPJ2CRMAW57YMDXWWE","2022-01-19 20:28:54.000"
"EJGN54S3OSQXDX5NYOGYZBGLIZZEKQSROO3AXKX2WPJ2CRMAW57YMDXWWE",1146,"4V6ZAOS7HH5MIBQILSCVXUZJIKQB5MKTXP73YNB5E2UNWYRHETEBYNZXOM","2022-01-19 20:31:10.000"
"Y44JLSKZSRJ5AK4HDIEBHMHGFIJIANA26AQLWBTFQDCBS2FB5UXPKUSVPQ",0,"Y44JLSKZSRJ5AK4HDIEBHMHGFIJIANA26AQLWBTFQDCBS2FB5UXPKUSVPQ","2022-01-19 20:32:42.000"
"L25FK4U3ILXK6CJVTYWQ2MK5UMEAZUHSJEJKF7ISP5LP5UGRTIVRHIAILM",1500,"76IQFKKZURQC7PYZ7NYEEBN2RRKVVGWXEXHUH6BJVOX4G5KDL4WCBABVIU","2022-01-19 20:33:52.000"
"EJGN54S3OSQXDX5NYOGYZBGLIZZEKQSROO3AXKX2WPJ2CRMAW57YMDXWWE",500,"L25FK4U3ILXK6CJVTYWQ2MK5UMEAZUHSJEJKF7ISP5LP5UGRTIVRHIAILM","2022-01-19 20:34:58.000"
"OJGTHEJ2O5NXN7FVXDZZEEJTUEQHHCIYIE5MWY6BEFVVLZ2KANJODBOKGA",0,"3EJHNGX4CW7HYEW35NG4ZIFJHYTMEVQHZ3UNMM6GPCFVFFHHWRUPKZEOLM","2022-01-19 20:36:39.000"
"EJGN54S3OSQXDX5NYOGYZBGLIZZEKQSROO3AXKX2WPJ2CRMAW57YMDXWWE",22,"GJRILEUCFJZBZ5NMIXMC56IJGPKY7J4D3MMWEXA77KLTSOPESOROFCE6IQ","2022-01-19 20:38:45.000"
"Y44JLSKZSRJ5AK4HDIEBHMHGFIJIANA26AQLWBTFQDCBS2FB5UXPKUSVPQ",216,"EJGN54S3OSQXDX5NYOGYZBGLIZZEKQSROO3AXKX2WPJ2CRMAW57YMDXWWE","2022-01-19 20:40:00.000"
"3SWL7ZWR2EKADD5HE2PB2LJUWQS5DTISUAOPHOJ6Q2PE5CWEXB5OGJV6HY",0,"3SWL7ZWR2EKADD5HE2PB2LJUWQS5DTISUAOPHOJ6Q2PE5CWEXB5OGJV6HY","2022-01-19 20:40:48.000"
"TXAKUA22O33U554AX5BNOZDP7WN3DPDV4FX67WKDFBJIEDPCPDIGWSH4VY",0,"TXAKUA22O33U554AX5BNOZDP7WN3DPDV4FX67WKDFBJIEDPCPDIGWSH4VY","2022-01-19 20:41:14.000"
"C7E53W7AMGG5HY7R3UCFSZQK2YRVHBBLU3YECIWQ264CGKWE3GOPWZZOJ4",1500,"EJGN54S3OSQXDX5NYOGYZBGLIZZEKQSROO3AXKX2WPJ2CRMAW57YMDXWWE","2022-01-19 20:46:51.000"
"EOTX7I5HTK6BIVR2L4XCZS2SAHW4LND7FPTSQFQ5E2ZSM6YRWRUGYQK6UE",1500,"C7E53W7AMGG5HY7R3UCFSZQK2YRVHBBLU3YECIWQ264CGKWE3GOPWZZOJ4","2022-01-19 20:47:22.000"
"TXAKUA22O33U554AX5BNOZDP7WN3DPDV4FX67WKDFBJIEDPCPDIGWSH4VY",0,"TXAKUA22O33U554AX5BNOZDP7WN3DPDV4FX67WKDFBJIEDPCPDIGWSH4VY","2022-01-19 20:49:51.000"
"TINY6EHH2OHOKJSELQUAEI7K523KV6KM32C74YTZV6R6KLP6OX4QVIZTSA",0,"TINY6EHH2OHOKJSELQUAEI7K523KV6KM32C74YTZV6R6KLP6OX4QVIZTSA","2022-01-19 20:51:41.000"
"TINY6EHH2OHOKJSELQUAEI7K523KV6KM32C74YTZV6R6KLP6OX4QVIZTSA",195,"EJGN54S3OSQXDX5NYOGYZBGLIZZEKQSROO3AXKX2WPJ2CRMAW57YMDXWWE","2022-01-19 20:51:54.000"
"EJGN54S3OSQXDX5NYOGYZBGLIZZEKQSROO3AXKX2WPJ2CRMAW57YMDXWWE",154,"PSVRIMWD7S3MXJRSEK2UD3SUHH2N27B52VCVENDCKUDJG7GBQTMWGZLBH4","2022-01-19 20:53:39.000"
"7BRD3CI43DXGCYRIZHU65XVKG3P23ZDX3WE2PDTPB3E2S5MPKKLDKDTVOI",390,"EJGN54S3OSQXDX5NYOGYZBGLIZZEKQSROO3AXKX2WPJ2CRMAW57YMDXWWE","2022-01-19 20:54:45.000"
"7BRD3CI43DXGCYRIZHU65XVKG3P23ZDX3WE2PDTPB3E2S5MPKKLDKDTVOI",1,"EJGN54S3OSQXDX5NYOGYZBGLIZZEKQSROO3AXKX2WPJ2CRMAW57YMDXWWE","2022-01-19 20:55:20.000"
"EJGN54S3OSQXDX5NYOGYZBGLIZZEKQSROO3AXKX2WPJ2CRMAW57YMDXWWE",463,"7BRD3CI43DXGCYRIZHU65XVKG3P23ZDX3WE2PDTPB3E2S5MPKKLDKDTVOI","2022-01-19 21:00:27.000"
"EJGN54S3OSQXDX5NYOGYZBGLIZZEKQSROO3AXKX2WPJ2CRMAW57YMDXWWE",882,"KTVJRRJTJIC4IASL5QHDAVDHVFAFKCJBSABFLTJ6VB66HRDU2EXS4TAAMM","2022-01-19 21:01:46.000"
"TXY2RRX6I5INCDASONMXOK6CP7TH75F25TEMMFWJTMU4S2H2MO3MS537K4",3,"O6CDEA7NCJASQSYSAMLPGLICTTPP3BGVOCPYFGCFT54O4SCXGN3ULAOYPU","2022-01-19 21:06:00.000"
"H42U26TZOGQWFRQJLIGXO6GCI6ZIDGEUJZM6S5IKGL73XCVF47UQJXILME",3,"TXY2RRX6I5INCDASONMXOK6CP7TH75F25TEMMFWJTMU4S2H2MO3MS537K4","2022-01-19 21:06:00.000"
"XEBMDXC3RGM33FQUDKEPFLDRCP7LKRHVBQHMXS72TLNATUKCIDP7OT7HLE",3677,"PGBUQLYYAONZWNTJAGHJF52SQ6HRNTUHDI6LHZ5TONFD4KJGOQ6OGNOJSM","2022-01-19 21:08:55.000"
"BZERSVLVROUQ6SRVM2DHCFAMXOQKTPPMPN5G3FEFEU7IO3YD5Z4D6DWZZM",930,"EJGN54S3OSQXDX5NYOGYZBGLIZZEKQSROO3AXKX2WPJ2CRMAW57YMDXWWE","2022-01-19 21:09:00.000"
"IOANTSSOKITKPSOIGW5PJTPTNYH3SWQLPZZFJOQDNFQCUSKW6C4H6WID4Q",0,"IOANTSSOKITKPSOIGW5PJTPTNYH3SWQLPZZFJOQDNFQCUSKW6C4H6WID4Q","2022-01-19 21:11:02.000"
"EJGN54S3OSQXDX5NYOGYZBGLIZZEKQSROO3AXKX2WPJ2CRMAW57YMDXWWE",2000,"XEBMDXC3RGM33FQUDKEPFLDRCP7LKRHVBQHMXS72TLNATUKCIDP7OT7HLE","2022-01-19 21:11:11.000"
"EJGN54S3OSQXDX5NYOGYZBGLIZZEKQSROO3AXKX2WPJ2CRMAW57YMDXWWE",1,"L2UIFE63RMZEGJCOPHWZ6VI5UHTZJS5EZSAVQOI6ONRTJEDZOCXRXQ6R2A","2022-01-19 21:12:08.000"
"EJGN54S3OSQXDX5NYOGYZBGLIZZEKQSROO3AXKX2WPJ2CRMAW57YMDXWWE",30,"L2UIFE63RMZEGJCOPHWZ6VI5UHTZJS5EZSAVQOI6ONRTJEDZOCXRXQ6R2A","2022-01-19 21:12:39.000"
"OJGTHEJ2O5NXN7FVXDZZEEJTUEQHHCIYIE5MWY6BEFVVLZ2KANJODBOKGA",0,"XLHMX6LEGGYSLCZSTXSYFPCJXIVIMLWTF5GPR7PL374USWVMJLK7PRTTP4","2022-01-19 21:12:47.000"
"EJGN54S3OSQXDX5NYOGYZBGLIZZEKQSROO3AXKX2WPJ2CRMAW57YMDXWWE",30,"L2UIFE63RMZEGJCOPHWZ6VI5UHTZJS5EZSAVQOI6ONRTJEDZOCXRXQ6R2A","2022-01-19 21:13:13.000"
"OJGTHEJ2O5NXN7FVXDZZEEJTUEQHHCIYIE5MWY6BEFVVLZ2KANJODBOKGA",0,"VIKIXVORU25OM7IFEBAKBQBK2ZA6L4H5LYNQ7HPD2DOGK4AB2XBRN65AJY","2022-01-19 21:16:26.000"
"EJGN54S3OSQXDX5NYOGYZBGLIZZEKQSROO3AXKX2WPJ2CRMAW57YMDXWWE",1960,"ZNPBABY6ZPMZX4JNUPJU3BAV6UKIQKJPFUAJIJ7OTZT4XQUXWM4HPE4GTI","2022-01-19 21:17:45.000"
"VLOF2A5SCDJSLGOUELF74Q5OIHPAJ4C33T44SGSRIZJWQVOPSUJWZ3ROQY",0,"VLOF2A5SCDJSLGOUELF74Q5OIHPAJ4C33T44SGSRIZJWQVOPSUJWZ3ROQY","2022-01-19 21:18:02.000"
"EJGN54S3OSQXDX5NYOGYZBGLIZZEKQSROO3AXKX2WPJ2CRMAW57YMDXWWE",500,"L25FK4U3ILXK6CJVTYWQ2MK5UMEAZUHSJEJKF7ISP5LP5UGRTIVRHIAILM","2022-01-19 21:20:05.000"
"EJGN54S3OSQXDX5NYOGYZBGLIZZEKQSROO3AXKX2WPJ2CRMAW57YMDXWWE",530,"2BLMTU6HQASKV46HZOZNB2WXFERXO6TEZSJCQKWONCAEB2BO4U76OA4SRQ","2022-01-19 21:28:24.000"
"EXTP5V24TBT6UJWM7LPZEHSJSTAIYMUXQ556C52PNZJ6WCGHRA4JCS2NW4",10000,"EJGN54S3OSQXDX5NYOGYZBGLIZZEKQSROO3AXKX2WPJ2CRMAW57YMDXWWE","2022-01-19 21:32:24.000"
"EJGN54S3OSQXDX5NYOGYZBGLIZZEKQSROO3AXKX2WPJ2CRMAW57YMDXWWE",1599,"WNP2JGTVRZV7NYBHKZQPOZMLTT4DLLQJN6SRX222WOV2FDHIMC7MNYJD5Y","2022-01-19 21:33:03.000"
"EJGN54S3OSQXDX5NYOGYZBGLIZZEKQSROO3AXKX2WPJ2CRMAW57YMDXWWE",7000,"TARASNASDWPM4YGVOGFNX4BKPYLA5HYK44QQMC7YANTP3C2UM5OP56EQQY","2022-01-19 21:34:09.000"
"CBHEW2KV2EIJVYZ3IX27IVEYM6SKE2IA6ZL3WKUMRSRZU3KH3IEU4JBH3E",1728,"KMKWME4UVITFFI2RICCO2B7YSNBOFKMP7R7DMZGOJIDI2JZMTFUO7PSYC4","2022-01-19 21:36:15.000"
"EJGN54S3OSQXDX5NYOGYZBGLIZZEKQSROO3AXKX2WPJ2CRMAW57YMDXWWE",500,"L25FK4U3ILXK6CJVTYWQ2MK5UMEAZUHSJEJKF7ISP5LP5UGRTIVRHIAILM","2022-01-19 21:42:14.000"
"EJGN54S3OSQXDX5NYOGYZBGLIZZEKQSROO3AXKX2WPJ2CRMAW57YMDXWWE",1916,"KSESKYNWGMV7KY5ZW3V6FZV25VUQKUM5BQMP23UB2RRURE7BCXNVEI3N6Y","2022-01-19 21:46:10.000"
"EXTP5V24TBT6UJWM7LPZEHSJSTAIYMUXQ556C52PNZJ6WCGHRA4JCS2NW4",72,"VHXGYUD3DBPPTJNKUNO4OLWILMHXZMCP65EPNXKQWGE3IGXZUC3ECTH57A","2022-01-19 21:49:49.000"
"EJGN54S3OSQXDX5NYOGYZBGLIZZEKQSROO3AXKX2WPJ2CRMAW57YMDXWWE",437,"4LGMO3HQWYABAQT4RROSNYKKPL5DA2AU3PX5T3OBTPMQZKQKYVN76X7JKI","2022-01-19 21:51:29.000"
"VMBD7IS4GAYKWLK74RM3SQNYC2OHLCULOXMMP4Q5HDKW72OID7V6YSOB7A",0,"VMBD7IS4GAYKWLK74RM3SQNYC2OHLCULOXMMP4Q5HDKW72OID7V6YSOB7A","2022-01-19 21:51:51.000"
"EJGN54S3OSQXDX5NYOGYZBGLIZZEKQSROO3AXKX2WPJ2CRMAW57YMDXWWE",11884,"DLB43PGJNRN2GCDHXCZ5OPTDDX6CRYZZHCARN52IDRKRJJ2HCHGJHVWJRQ","2022-01-19 21:52:08.000"
"TXY2RRX6I5INCDASONMXOK6CP7TH75F25TEMMFWJTMU4S2H2MO3MS537K4",9,"G4GQZ2GHZJ7UP6NRYBHZKNZILT47VIEBJ22E4NIPKHW67IWKYPG52AKHKI","2022-01-19 22:01:06.000"
"EJGN54S3OSQXDX5NYOGYZBGLIZZEKQSROO3AXKX2WPJ2CRMAW57YMDXWWE",9,"TXY2RRX6I5INCDASONMXOK6CP7TH75F25TEMMFWJTMU4S2H2MO3MS537K4","2022-01-19 22:01:06.000"
"LZEJHG7C3WAHQXUJQIDSR7TTV6PYJH535CHSPBMSUVBJM6TB4ZKVG742BE",2,"GVX33TKM6W6K367PEMHP4UZOF4JAHQUJJ2TTO7S2UHNJ4HRCN6LVQKBMRU","2022-01-19 22:05:06.000"
"EJGN54S3OSQXDX5NYOGYZBGLIZZEKQSROO3AXKX2WPJ2CRMAW57YMDXWWE",1350,"ZONC46R2FQ3B23WYWELRMZQM7F6XBKZ6FYXQIWHQM4SLSF7IWG6OITQSJU","2022-01-19 22:06:56.000"
"JPGIG7TH4EYUZC66EQAB5F5MS2EPOJSACJ2ALZC3VJMXW46E2W4LQKXKVE",380,"EJGN54S3OSQXDX5NYOGYZBGLIZZEKQSROO3AXKX2WPJ2CRMAW57YMDXWWE","2022-01-19 22:09:02.000"
"XYYL3VGJPCH2AEWOHQQBOPTCS2VO2JIMELFYM7QOW2LFV2VRF6425JKRYA",114,"EJGN54S3OSQXDX5NYOGYZBGLIZZEKQSROO3AXKX2WPJ2CRMAW57YMDXWWE","2022-01-19 22:10:34.000"
"LEUPUMSEUKQLUXX6OWFRKOQ32EPV2QBUOS6U3RHG6MVKBVFPBFRT7BOPSY",0,"LEUPUMSEUKQLUXX6OWFRKOQ32EPV2QBUOS6U3RHG6MVKBVFPBFRT7BOPSY","2022-01-19 22:16:51.000"
"EJGN54S3OSQXDX5NYOGYZBGLIZZEKQSROO3AXKX2WPJ2CRMAW57YMDXWWE",140,"ZONC46R2FQ3B23WYWELRMZQM7F6XBKZ6FYXQIWHQM4SLSF7IWG6OITQSJU","2022-01-19 22:20:05.000"
"ZTUXGRDITAA66BIDOVBP2FZOP45BKGYQDRAHRWGOY24FXBM3AIND2RPTZY",0,"ZTUXGRDITAA66BIDOVBP2FZOP45BKGYQDRAHRWGOY24FXBM3AIND2RPTZY","2022-01-19 22:20:14.000"
"ZTUXGRDITAA66BIDOVBP2FZOP45BKGYQDRAHRWGOY24FXBM3AIND2RPTZY",20,"CS6Q27CZG7DFZAFHJLVJP2M56UMV5HR3Q5IN7VRXTMALDSGZE2FK6HV26Q","2022-01-19 22:20:36.000"
"3TWTLIMYHCZ3S2I47BNUVCVN4OG2K7ROU3VMZWLNQ64LO2TAHUO6YO52CU",4,"2UT5CCF5WMDMA3JYNV56KDK2AL6GJ7WKMYL2FHCXDRYKUDVXIRU5N56ICU","2022-01-19 22:23:32.000"
"EJGN54S3OSQXDX5NYOGYZBGLIZZEKQSROO3AXKX2WPJ2CRMAW57YMDXWWE",118,"QRGN5OZGOFZOWF7P5GMAEYDB5OQDH7OSQCMR6NQAFYMHQID4Z3OECFDMTA","2022-01-19 22:26:19.000"
"EJGN54S3OSQXDX5NYOGYZBGLIZZEKQSROO3AXKX2WPJ2CRMAW57YMDXWWE",97,"XQAEGT7LJDHPK2LPLLNPASOKRLSTK2CZZXFD7HUC2V5LOLRSFIWHXIISAA","2022-01-19 22:33:52.000"
"EJGN54S3OSQXDX5NYOGYZBGLIZZEKQSROO3AXKX2WPJ2CRMAW57YMDXWWE",322,"2TFRXMARX4NCRYWJ6LYOMYV3SGYSRMLQZ3CHX4FQTCL6YWZSLQT6LG5MPE","2022-01-19 22:35:50.000"
"W6GAOJWRNSAZSZUJ7XPD2IK2ONR2ONSTIRLT7WKHNJ7WJJERWERV2XY4QU",0,"W6GAOJWRNSAZSZUJ7XPD2IK2ONR2ONSTIRLT7WKHNJ7WJJERWERV2XY4QU","2022-01-19 22:38:16.000"
"PNEGHXTXD44VXSKZTT2P7URK4G5ORGP2DYPNTLRM2K4GKH2CKBLW2XRSFE",0,"PNEGHXTXD44VXSKZTT2P7URK4G5ORGP2DYPNTLRM2K4GKH2CKBLW2XRSFE","2022-01-19 22:42:09.000"
"HASIZ4HNLT74QCP3AT5ZWAQ622AYKGS5MZA66CSNDH3MIM2IRAHM6HCSFU",0,"HASIZ4HNLT74QCP3AT5ZWAQ622AYKGS5MZA66CSNDH3MIM2IRAHM6HCSFU","2022-01-19 22:44:52.000"
"EJGN54S3OSQXDX5NYOGYZBGLIZZEKQSROO3AXKX2WPJ2CRMAW57YMDXWWE",2000,"OYONGTTE3MOT425SADR3ZMFGYROJMKMMAZNNW7JAWTTOLHLZOYII4UDDFA","2022-01-19 22:45:01.000"
"NXQIU4EHBA4XY2B5D23TVQA7WV2MOODRHPMQR2EX3GNEWFW5C5UKMUQPBE",0,"NXQIU4EHBA4XY2B5D23TVQA7WV2MOODRHPMQR2EX3GNEWFW5C5UKMUQPBE","2022-01-19 22:48:59.000"
"NXQIU4EHBA4XY2B5D23TVQA7WV2MOODRHPMQR2EX3GNEWFW5C5UKMUQPBE",186,"PLXQT5QM435SIL4AL3X67UGB2Q6PY3T3QMNZL5OBFXKH7AT7YYGAGZYWEU","2022-01-19 22:49:21.000"
"EJGN54S3OSQXDX5NYOGYZBGLIZZEKQSROO3AXKX2WPJ2CRMAW57YMDXWWE",386,"ZID33R4COZEUWNL6WPFUMWVUPOYHO4BI6NFES54FWOK6HXKDAA37HBZN4Y","2022-01-19 22:50:23.000"
"HASIZ4HNLT74QCP3AT5ZWAQ622AYKGS5MZA66CSNDH3MIM2IRAHM6HCSFU",232,"J7QIXR3BZ6RUQQX5EY3U3ACNQN7GMS4KTU5FJVSDGNAJFVSR4PSHB7NWVI","2022-01-19 22:51:12.000"
"EJGN54S3OSQXDX5NYOGYZBGLIZZEKQSROO3AXKX2WPJ2CRMAW57YMDXWWE",186,"NXQIU4EHBA4XY2B5D23TVQA7WV2MOODRHPMQR2EX3GNEWFW5C5UKMUQPBE","2022-01-19 22:51:38.000"
"EJGN54S3OSQXDX5NYOGYZBGLIZZEKQSROO3AXKX2WPJ2CRMAW57YMDXWWE",1967,"TI4MINZLRRFXY4WDGJJLVATZ7QY6RH47ZTI5YVR35RKXHERQMQCNK3TP4Y","2022-01-19 22:53:24.000"
"EXTP5V24TBT6UJWM7LPZEHSJSTAIYMUXQ556C52PNZJ6WCGHRA4JCS2NW4",72,"I6W3GDYEYECTSSMFH4EKSCVAXCGR2RIOFCU6M6AJRF74PHS6V3SA35KSGQ","2022-01-19 22:56:46.000"
"EJGN54S3OSQXDX5NYOGYZBGLIZZEKQSROO3AXKX2WPJ2CRMAW57YMDXWWE",100,"7SHGYJDQZWXWE3JF45TJGEXM2RDIE2OLBPYAXVF2XVJV52D55HI4N7UQPY","2022-01-19 22:58:27.000"
"EJGN54S3OSQXDX5NYOGYZBGLIZZEKQSROO3AXKX2WPJ2CRMAW57YMDXWWE",43,"XVHR4JTWCBAWMFSLLE3KJE2RL26YAB73XTVRJK3X7JOHLO6I3ENC347K2E","2022-01-19 22:58:58.000"
"XVHR4JTWCBAWMFSLLE3KJE2RL26YAB73XTVRJK3X7JOHLO6I3ENC347K2E",3,"EJGN54S3OSQXDX5NYOGYZBGLIZZEKQSROO3AXKX2WPJ2CRMAW57YMDXWWE","2022-01-19 22:59:24.000"
"EJGN54S3OSQXDX5NYOGYZBGLIZZEKQSROO3AXKX2WPJ2CRMAW57YMDXWWE",1000,"OYONGTTE3MOT425SADR3ZMFGYROJMKMMAZNNW7JAWTTOLHLZOYII4UDDFA","2022-01-19 23:00:04.000"
"EJGN54S3OSQXDX5NYOGYZBGLIZZEKQSROO3AXKX2WPJ2CRMAW57YMDXWWE",224,"HZ5MHGQG6D2UGYWCZXKME2SPRZHKELMGJL7CGNM4BYTPQJF75YV3G4AVRY","2022-01-19 23:02:16.000"
"AAGAO5PY2XRFKAP3GF5GO4FY7MVQE2T46OFKEKJNSWYDREUKVUJ266PAWA",100,"EJGN54S3OSQXDX5NYOGYZBGLIZZEKQSROO3AXKX2WPJ2CRMAW57YMDXWWE","2022-01-19 23:07:30.000"
"B2Z54YACHGYYBD67EWQJIKCIBLJZP4WFVWHRKYAWDPQQFVG5LRTCITRWVE",0,"B2Z54YACHGYYBD67EWQJIKCIBLJZP4WFVWHRKYAWDPQQFVG5LRTCITRWVE","2022-01-19 23:11:28.000"
"EJGN54S3OSQXDX5NYOGYZBGLIZZEKQSROO3AXKX2WPJ2CRMAW57YMDXWWE",200,"6MTCQHBTXCMR4GQJJRJNIFYM5BBRCI4QV36HFPM4OJX2YOTHLC6Y2SWDCU","2022-01-19 23:18:21.000"
"3TWTLIMYHCZ3S2I47BNUVCVN4OG2K7ROU3VMZWLNQ64LO2TAHUO6YO52CU",3842,"EJGN54S3OSQXDX5NYOGYZBGLIZZEKQSROO3AXKX2WPJ2CRMAW57YMDXWWE","2022-01-19 23:26:21.000"
"3TWTLIMYHCZ3S2I47BNUVCVN4OG2K7ROU3VMZWLNQ64LO2TAHUO6YO52CU",19,"EJGN54S3OSQXDX5NYOGYZBGLIZZEKQSROO3AXKX2WPJ2CRMAW57YMDXWWE","2022-01-19 23:26:38.000"
"72CGNHJGURZ5COBX6L6JFB2REUNZKCIEJPEKHTKEL2WEURWW6IJHI46OSE",0,"72CGNHJGURZ5COBX6L6JFB2REUNZKCIEJPEKHTKEL2WEURWW6IJHI46OSE","2022-01-19 23:32:51.000"
"72CGNHJGURZ5COBX6L6JFB2REUNZKCIEJPEKHTKEL2WEURWW6IJHI46OSE",5644,"EJGN54S3OSQXDX5NYOGYZBGLIZZEKQSROO3AXKX2WPJ2CRMAW57YMDXWWE","2022-01-19 23:33:09.000"
"72CGNHJGURZ5COBX6L6JFB2REUNZKCIEJPEKHTKEL2WEURWW6IJHI46OSE",28,"EJGN54S3OSQXDX5NYOGYZBGLIZZEKQSROO3AXKX2WPJ2CRMAW57YMDXWWE","2022-01-19 23:33:22.000"
"EJGN54S3OSQXDX5NYOGYZBGLIZZEKQSROO3AXKX2WPJ2CRMAW57YMDXWWE",1873,"ZID33R4COZEUWNL6WPFUMWVUPOYHO4BI6NFES54FWOK6HXKDAA37HBZN4Y","2022-01-19 23:45:47.000"
"424AV2IKRGHF6T4ZS6OZ65RE7IGDA4ANR4BC5LZDRNU4ROIEX6JPESM33U",0,"424AV2IKRGHF6T4ZS6OZ65RE7IGDA4ANR4BC5LZDRNU4ROIEX6JPESM33U","2022-01-19 23:57:07.000"
"FCEVZ36JNJWDLQPO26KDCQCFTRF5DACHYZ4A4532CAYOQXKLDI4SVMXYZI",4,"O6CDEA7NCJASQSYSAMLPGLICTTPP3BGVOCPYFGCFT54O4SCXGN3ULAOYPU","2022-01-19 23:57:20.000"
"H42U26TZOGQWFRQJLIGXO6GCI6ZIDGEUJZM6S5IKGL73XCVF47UQJXILME",4,"FCEVZ36JNJWDLQPO26KDCQCFTRF5DACHYZ4A4532CAYOQXKLDI4SVMXYZI","2022-01-19 23:57:20.000"
"EJGN54S3OSQXDX5NYOGYZBGLIZZEKQSROO3AXKX2WPJ2CRMAW57YMDXWWE",160,"S225ROBNCJWE7FRKAEKIBLUJDZNX2BW3BOIA5X3U5RUPNCUCFDGP3I2STU","2022-01-19 23:58:04.000"
"KHZLITUBLL4AHRQPU5RTYIZ22GZ2EJEN3PJ6X5POATOZEV4D3UDOLSH6MY",0,"KHZLITUBLL4AHRQPU5RTYIZ22GZ2EJEN3PJ6X5POATOZEV4D3UDOLSH6MY","2022-01-19 23:58:08.000"
"KHZLITUBLL4AHRQPU5RTYIZ22GZ2EJEN3PJ6X5POATOZEV4D3UDOLSH6MY",335,"6IVF3OERAGD75XSQWU2TRNZYX7N2CWEAGTYH2SYCNQLU57ZPISL6AYLUA4","2022-01-19 23:58:44.000"
"424AV2IKRGHF6T4ZS6OZ65RE7IGDA4ANR4BC5LZDRNU4ROIEX6JPESM33U",0,"424AV2IKRGHF6T4ZS6OZ65RE7IGDA4ANR4BC5LZDRNU4ROIEX6JPESM33U","2022-01-20 00:05:40.000"
"OJGTHEJ2O5NXN7FVXDZZEEJTUEQHHCIYIE5MWY6BEFVVLZ2KANJODBOKGA",0,"BHE6ZB3EXVUYSBJQWHICKVANLWVYK5WYGUOMJFNBVFPL3RWOHJKMLHD4YQ","2022-01-20 00:23:24.000"
"KLUSNGKSW3D6VHZNCTEOZWHP2ATOXXDZRI4YTQTM3NLBWILSR5MUJGLP4Y",0,"KLUSNGKSW3D6VHZNCTEOZWHP2ATOXXDZRI4YTQTM3NLBWILSR5MUJGLP4Y","2022-01-20 00:32:00.000"
"EJGN54S3OSQXDX5NYOGYZBGLIZZEKQSROO3AXKX2WPJ2CRMAW57YMDXWWE",945,"3ABIVSSC2DJXR7INVOOI2Y7NXJJJKRZVXVLVB2JKCGNYDI4VHMGZVULOKM","2022-01-20 00:33:06.000"
"EJGN54S3OSQXDX5NYOGYZBGLIZZEKQSROO3AXKX2WPJ2CRMAW57YMDXWWE",2000,"LOPQM2TG2436P4F5G27RR62HTU646KBE2O6VFCWCK34IB5LM2WHE3OHFRU","2022-01-20 00:33:11.000"
"KLUSNGKSW3D6VHZNCTEOZWHP2ATOXXDZRI4YTQTM3NLBWILSR5MUJGLP4Y",914,"EJGN54S3OSQXDX5NYOGYZBGLIZZEKQSROO3AXKX2WPJ2CRMAW57YMDXWWE","2022-01-20 00:34:17.000"
"MDCQVHQHVI7VJCCNX4SBPCLHTYKPNEDTEPC4AZN5WG4PVIU755SKMRNYIQ",93,"EJGN54S3OSQXDX5NYOGYZBGLIZZEKQSROO3AXKX2WPJ2CRMAW57YMDXWWE","2022-01-20 00:35:22.000"
"EJGN54S3OSQXDX5NYOGYZBGLIZZEKQSROO3AXKX2WPJ2CRMAW57YMDXWWE",93,"MDCQVHQHVI7VJCCNX4SBPCLHTYKPNEDTEPC4AZN5WG4PVIU755SKMRNYIQ","2022-01-20 00:36:28.000"
"YNPZFTPSW5527DG6AF5LAC34UTZ6OVB3T2X4TQHBE5QSLO6HSCYEYCDYWQ",0,"YNPZFTPSW5527DG6AF5LAC34UTZ6OVB3T2X4TQHBE5QSLO6HSCYEYCDYWQ","2022-01-20 00:37:03.000"
"YNPZFTPSW5527DG6AF5LAC34UTZ6OVB3T2X4TQHBE5QSLO6HSCYEYCDYWQ",0,"YNPZFTPSW5527DG6AF5LAC34UTZ6OVB3T2X4TQHBE5QSLO6HSCYEYCDYWQ","2022-01-20 00:37:12.000"
"FLFMBDYMKRYZSB3IJFTPPT2V4YLYGN3UATGHK3CPPE4KFM5DWLG5ZYNJXY",0,"FLFMBDYMKRYZSB3IJFTPPT2V4YLYGN3UATGHK3CPPE4KFM5DWLG5ZYNJXY","2022-01-20 00:40:16.000"
"Z5W3VVEXX2CRQ4YP4TNOKIMHUN7HZPW7OM7M53W3C4XTRJUA63FRVPS5DI",0,"Z5W3VVEXX2CRQ4YP4TNOKIMHUN7HZPW7OM7M53W3C4XTRJUA63FRVPS5DI","2022-01-20 00:45:23.000"
"EJGN54S3OSQXDX5NYOGYZBGLIZZEKQSROO3AXKX2WPJ2CRMAW57YMDXWWE",5000,"FLIYRVNSYGLBCSDEFXZPUSIATOX37NM6NVRTJBOQQBYCKXEUBOBDYPGLTQ","2022-01-20 00:49:55.000"
"EJGN54S3OSQXDX5NYOGYZBGLIZZEKQSROO3AXKX2WPJ2CRMAW57YMDXWWE",250,"EZFBBAMBO6HTENKVLZON77DY3OXYZULVDYYY4ANMIOSZEQD2QF6LKRXD3A","2022-01-20 00:50:00.000"
"EJGN54S3OSQXDX5NYOGYZBGLIZZEKQSROO3AXKX2WPJ2CRMAW57YMDXWWE",500,"MUHSWEKB2E5YNKJJ7ZB7OXLV7G7H5ZACU6PAREWJIE77M36MIQHSKOCSPY","2022-01-20 00:51:37.000"
"FLFMBDYMKRYZSB3IJFTPPT2V4YLYGN3UATGHK3CPPE4KFM5DWLG5ZYNJXY",0,"FLFMBDYMKRYZSB3IJFTPPT2V4YLYGN3UATGHK3CPPE4KFM5DWLG5ZYNJXY","2022-01-20 00:51:50.000"
"EJGN54S3OSQXDX5NYOGYZBGLIZZEKQSROO3AXKX2WPJ2CRMAW57YMDXWWE",5639,"LG5RH6QZT7VHH5YCO3BYLW7H5KOLVYAXXKZRYYH7Q52MUPO5QFTUDPBUUQ","2022-01-20 00:54:37.000"
"645VFAB5SJXHZMOG7XVZEFLHTINIEHTUT2J7T4HADD5AQ5SMYHUFWYPCNE",0,"645VFAB5SJXHZMOG7XVZEFLHTINIEHTUT2J7T4HADD5AQ5SMYHUFWYPCNE","2022-01-20 01:01:39.000"
"EJGN54S3OSQXDX5NYOGYZBGLIZZEKQSROO3AXKX2WPJ2CRMAW57YMDXWWE",2100,"J3PYFPOZUMIVSNSTWTALV4A2WKZ7MAVX5NAUUKDZTSLWUN54BKW2F43PI4","2022-01-20 01:01:56.000"
"FLFMBDYMKRYZSB3IJFTPPT2V4YLYGN3UATGHK3CPPE4KFM5DWLG5ZYNJXY",100,"EJGN54S3OSQXDX5NYOGYZBGLIZZEKQSROO3AXKX2WPJ2CRMAW57YMDXWWE","2022-01-20 01:02:10.000"
"TXY2RRX6I5INCDASONMXOK6CP7TH75F25TEMMFWJTMU4S2H2MO3MS537K4",3,"H42U26TZOGQWFRQJLIGXO6GCI6ZIDGEUJZM6S5IKGL73XCVF47UQJXILME","2022-01-20 01:09:11.000"
"EJGN54S3OSQXDX5NYOGYZBGLIZZEKQSROO3AXKX2WPJ2CRMAW57YMDXWWE",3,"TXY2RRX6I5INCDASONMXOK6CP7TH75F25TEMMFWJTMU4S2H2MO3MS537K4","2022-01-20 01:09:11.000"
"LJE4V4P2UT6E3QNVBZVSRE6RTQ2U7NQ73RWMVEV54IMCJ5BTVKZICQVHLI",170,"EJGN54S3OSQXDX5NYOGYZBGLIZZEKQSROO3AXKX2WPJ2CRMAW57YMDXWWE","2022-01-20 01:23:31.000"
"EJGN54S3OSQXDX5NYOGYZBGLIZZEKQSROO3AXKX2WPJ2CRMAW57YMDXWWE",1000,"72WEU5E45GMYILER7DAX3SHKS44DX3SFNLQZYYCUT2J7SIDCQIF3THCTYI","2022-01-20 01:32:01.000"
"CDWNCHTMCKBWVH42AG45RTHTZ7OL44IMC7RVMN36ZE6KS24IXHDRQZB5K4",157,"LGHWNV55QXPBP33Y7AAELXGOUHHKNXVGPDCQTRAE6ZGAF4VWIXM55H5LQQ","2022-01-20 01:36:29.000"
"OJGTHEJ2O5NXN7FVXDZZEEJTUEQHHCIYIE5MWY6BEFVVLZ2KANJODBOKGA",0,"LGHWNV55QXPBP33Y7AAELXGOUHHKNXVGPDCQTRAE6ZGAF4VWIXM55H5LQQ","2022-01-20 01:43:22.000"
"3BOT6VYVFJVWTUL42R5ARKJQ2X7E7BV3JLSXECDK6BLFW2B4QJNNO5NFAY",0,"3BOT6VYVFJVWTUL42R5ARKJQ2X7E7BV3JLSXECDK6BLFW2B4QJNNO5NFAY","2022-01-20 02:07:03.000"
"3BOT6VYVFJVWTUL42R5ARKJQ2X7E7BV3JLSXECDK6BLFW2B4QJNNO5NFAY",469,"EJGN54S3OSQXDX5NYOGYZBGLIZZEKQSROO3AXKX2WPJ2CRMAW57YMDXWWE","2022-01-20 02:12:53.000"
"3BOT6VYVFJVWTUL42R5ARKJQ2X7E7BV3JLSXECDK6BLFW2B4QJNNO5NFAY",4,"EJGN54S3OSQXDX5NYOGYZBGLIZZEKQSROO3AXKX2WPJ2CRMAW57YMDXWWE","2022-01-20 02:14:30.000"
"BZERSVLVROUQ6SRVM2DHCFAMXOQKTPPMPN5G3FEFEU7IO3YD5Z4D6DWZZM",48,"EJGN54S3OSQXDX5NYOGYZBGLIZZEKQSROO3AXKX2WPJ2CRMAW57YMDXWWE","2022-01-20 02:21:40.000"
"BEVCACSDA5565G73NYX6WXD76GS7CKBNJ2WHFHNRCEB6FVEASZ6DARILWU",377,"EJGN54S3OSQXDX5NYOGYZBGLIZZEKQSROO3AXKX2WPJ2CRMAW57YMDXWWE","2022-01-20 02:28:18.000"
"BEVCACSDA5565G73NYX6WXD76GS7CKBNJ2WHFHNRCEB6FVEASZ6DARILWU",1,"EJGN54S3OSQXDX5NYOGYZBGLIZZEKQSROO3AXKX2WPJ2CRMAW57YMDXWWE","2022-01-20 02:28:53.000"
"EJGN54S3OSQXDX5NYOGYZBGLIZZEKQSROO3AXKX2WPJ2CRMAW57YMDXWWE",840,"BEVCACSDA5565G73NYX6WXD76GS7CKBNJ2WHFHNRCEB6FVEASZ6DARILWU","2022-01-20 02:32:28.000"
"SWLSJSNXVYV3VTHHIBC2OFOK5IVCCPVYPLTZAMAXZ2AUY64OU3NKVPFWRI",0,"SWLSJSNXVYV3VTHHIBC2OFOK5IVCCPVYPLTZAMAXZ2AUY64OU3NKVPFWRI","2022-01-20 02:34:13.000"
"EJGN54S3OSQXDX5NYOGYZBGLIZZEKQSROO3AXKX2WPJ2CRMAW57YMDXWWE",98,"CQ6OTFWGVNXTHZTP3RIGFNJLMDCBEKVB7JVKPRUWZ2AWDAW6324RWAJ3OM","2022-01-20 02:50:11.000"
"G4GQZ2GHZJ7UP6NRYBHZKNZILT47VIEBJ22E4NIPKHW67IWKYPG52AKHKI",6,"TXY2RRX6I5INCDASONMXOK6CP7TH75F25TEMMFWJTMU4S2H2MO3MS537K4","2022-01-20 02:50:38.000"
"TXY2RRX6I5INCDASONMXOK6CP7TH75F25TEMMFWJTMU4S2H2MO3MS537K4",6,"O6CDEA7NCJASQSYSAMLPGLICTTPP3BGVOCPYFGCFT54O4SCXGN3ULAOYPU","2022-01-20 02:50:38.000"
"EJGN54S3OSQXDX5NYOGYZBGLIZZEKQSROO3AXKX2WPJ2CRMAW57YMDXWWE",383,"5HIIKXQSJXOPS7ATS2UGGOHKMVGUXACWRQUN3VTNHUFY4DMZJLZ5ECQQV4","2022-01-20 02:52:49.000"
"ZKSCKXG7W3SRYGCM4EVMWBDRS52YJOYB35SF3GYSSOZA7B247W5SR6QUJI",2,"O6CDEA7NCJASQSYSAMLPGLICTTPP3BGVOCPYFGCFT54O4SCXGN3ULAOYPU","2022-01-20 02:56:54.000"
"EJGN54S3OSQXDX5NYOGYZBGLIZZEKQSROO3AXKX2WPJ2CRMAW57YMDXWWE",200,"WYIXWV5IU33ZN4YNJXGZ2DNURN5UWVOG52RL2SOEICNPHAVSA6WPSBUYVQ","2022-01-20 02:58:57.000"
"CQ6OTFWGVNXTHZTP3RIGFNJLMDCBEKVB7JVKPRUWZ2AWDAW6324RWAJ3OM",97,"EJGN54S3OSQXDX5NYOGYZBGLIZZEKQSROO3AXKX2WPJ2CRMAW57YMDXWWE","2022-01-20 02:59:01.000"
"CQ6OTFWGVNXTHZTP3RIGFNJLMDCBEKVB7JVKPRUWZ2AWDAW6324RWAJ3OM",1,"EJGN54S3OSQXDX5NYOGYZBGLIZZEKQSROO3AXKX2WPJ2CRMAW57YMDXWWE","2022-01-20 02:59:23.000"
"ZKSCKXG7W3SRYGCM4EVMWBDRS52YJOYB35SF3GYSSOZA7B247W5SR6QUJI",3,"O6CDEA7NCJASQSYSAMLPGLICTTPP3BGVOCPYFGCFT54O4SCXGN3ULAOYPU","2022-01-20 02:59:40.000"
"EJGN54S3OSQXDX5NYOGYZBGLIZZEKQSROO3AXKX2WPJ2CRMAW57YMDXWWE",617,"EAGP22KJGM7QWXL5PBDFCMVAWDPJLS4CLL5GSOOCPV7IDOWS55PPGP2E7E","2022-01-20 03:02:18.000"
"EJGN54S3OSQXDX5NYOGYZBGLIZZEKQSROO3AXKX2WPJ2CRMAW57YMDXWWE",500,"ZKSCKXG7W3SRYGCM4EVMWBDRS52YJOYB35SF3GYSSOZA7B247W5SR6QUJI","2022-01-20 03:04:03.000"
"EJGN54S3OSQXDX5NYOGYZBGLIZZEKQSROO3AXKX2WPJ2CRMAW57YMDXWWE",290,"HYPWGKDUWU4OJMYNDXPAINPHDGLUSTYB3EGQ4F26J6WPMILRCUIALPGOZE","2022-01-20 03:08:25.000"
